nohup: ignoring input
make: Entering directory '/home/danyelleangelo/data/GCX/gcx'
rm -rf *.o /home/danyelleangelo/data/gcx-experiments/gcx_output
make: Leaving directory '/home/danyelleangelo/data/GCX/gcx'
make: Entering directory '/home/danyelleangelo/data/GCX/gcx'
g++ -c ../external/malloc_count/malloc_count.c -o malloc_count.o -std=c++14 -I../external/malloc_count -O3 -ldl
../external/malloc_count/malloc_count.c:29:9: warning: ‘_GNU_SOURCE’ redefined
   29 | #define _GNU_SOURCE
      |         ^~~~~~~~~~~
<command-line>: note: this is the location of the previous definition
g++ -c ../external/malloc_count/stack_count.c -o stack_count.o -std=c++14 -I../external/malloc_count -O3 -ldl
../external/malloc_count/stack_count.c: In function ‘void* stack_count_clear()’:
../external/malloc_count/stack_count.c:42:12: warning: function may return address of local variable [-Wreturn-local-addr]
   42 |     return p;
      |            ^
../external/malloc_count/stack_count.c:39:14: note: declared here
   39 |     uint32_t stack[asize]; /* allocated on stack */
      |              ^~~~~
g++ -c uarray.c -o uarray.o -std=c++14 -I../external/malloc_count -O3
g++ -c utils.cpp -o utils.o -D REPORT=1 -D FILE_OUTPUT=1 -std=c++14 -I../external/malloc_count -O3
g++ -c compressor.cpp -o compressor.o -D REPORT=1 -D FILE_OUTPUT=1 -std=c++14 -I../external/malloc_count -O3
g++ main.cpp malloc_count.o stack_count.o uarray.o utils.o compressor.o -o /home/danyelleangelo/data/gcx-experiments/gcx_output -D REPORT=1 -D FILE_OUTPUT=1 -std=c++14 -I../external/malloc_count -O3
make: Leaving directory '/home/danyelleangelo/data/GCX/gcx'
make: Entering directory '/home/danyelleangelo/data/GCX/gc_'
rm -rf *.o /home/danyelleangelo/data/gcx-experiments/gc_star_output
make: Leaving directory '/home/danyelleangelo/data/GCX/gc_'
make: Entering directory '/home/danyelleangelo/data/GCX/gc_'
g++ -c ../external/malloc_count/malloc_count.c -o malloc_count.o -std=c++14 -I../external/malloc_count -O3 
../external/malloc_count/malloc_count.c:29:9: warning: ‘_GNU_SOURCE’ redefined
   29 | #define _GNU_SOURCE
      |         ^~~~~~~~~~~
<command-line>: note: this is the location of the previous definition
g++ -c ../external/malloc_count/stack_count.c -o stack_count.o -std=c++14 -I../external/malloc_count -O3 
../external/malloc_count/stack_count.c: In function ‘void* stack_count_clear()’:
../external/malloc_count/stack_count.c:42:12: warning: function may return address of local variable [-Wreturn-local-addr]
   42 |     return p;
      |            ^
../external/malloc_count/stack_count.c:39:14: note: declared here
   39 |     uint32_t stack[asize]; /* allocated on stack */
      |              ^~~~~
g++ -c uarray.c -o uarray.o -std=c++14 -I../external/malloc_count -O3
g++ -c utils.cpp -o utils.o -D REPORT=1 -D FILE_OUTPUT=1 -std=c++14 -I../external/malloc_count -O3
g++ -c compressor.cpp -o compressor.o -D REPORT=1 -D FILE_OUTPUT=1 -std=c++14 -I../external/malloc_count -O3
g++ main.cpp malloc_count.o stack_count.o uarray.o utils.o compressor.o -o /home/danyelleangelo/data/gcx-experiments/gc_star_output -D REPORT=1 -D FILE_OUTPUT=1 -std=c++14 -I../external/malloc_count -O3
make: Leaving directory '/home/danyelleangelo/data/GCX/gc_'


[0;32m%%% Creating directories for files in case don't exist [0m.

[0;32m%%% Download files from a list, then descompress the files and remove the compressed files.[0m.
    

[34m  % real-cere.gz [0m

[34m  % real-coreutils.gz [0m

[34m  % pseudo-real-dblp.xml.0001.1.gz [0m

[34m  % pseudo-real-dblp.xml.0001.2.gz [0m

[34m  % pseudo-real-dblp.xml.00001.1.gz [0m

[34m  % pseudo-real-dblp.xml.00001.2.gz [0m

[34m  % pseudo-real-dna.001.1.gz [0m

[34m  % real-einstein.de.txt.gz [0m

[34m  % real-einstein.en.txt.gz [0m

[34m  % pseudo-real-english.001.2.gz [0m

[34m  % real-Escherichia_Coli.gz [0m

[34m  % artificial-fib41.gz [0m

[34m  % real-influenza.gz [0m

[34m  % real-kernel.gz [0m

[34m  % real-para.gz [0m

[34m  % pseudo-real-proteins.001.1.gz [0m

[34m  % artificial-rs.13.gz [0m

[34m  % pseudo-real-sources.001.2.gz [0m

[34m  % artificial-tm29.gz [0m

[34m  % real-world_leaders.gz [0m

[34m####### Extract validation [0m

	[34mPreparing for extract operation on the real-cere file. [0m

rm: missing operand
Try 'rm --help' for more information.

[33m Generating expected responses for searched interval...[0m

	 [33mStarting extract with GCX - real-cere - INTERVAL SIZE 1.[0m
	Using initial window of size 2 for LCP calculation.

[32mStarting to extract ...
[0m	Compressed file information:

		Amount of levels: 1
		Size initial partition: 2
		Initial symbol size: 230643323
		Level: 1 - amount of rules: 26 - size of rules 2.
	The extracted strings was saved in: [32mreport/2025-08-12/extract/real-cere_1_substrings_results.txt[0m
malloc_count ### exiting, total: 882,577,002, peak: 836,752,193, current: 4,096
Time: 0.002185800000000(s)

		 [33m Checking if the response file is the same as the expected file [0m


			 [0;32m The files are the same. [0m


	 [33mStarting extract with GCX - real-cere - INTERVAL SIZE 1.[0m
	Using initial window of size 4 for LCP calculation.

[32mStarting to extract ...
[0m	Compressed file information:

		Amount of levels: 2
		Size initial partition: 4
		Initial symbol size: 115321663
		Level: 2 - amount of rules: 26 - size of rules 2.
		Level: 1 - amount of rules: 585 - size of rules 2.
	The extracted strings was saved in: [32mreport/2025-08-12/extract/real-cere_1_substrings_results.txt[0m
malloc_count ### exiting, total: 450,121,714, peak: 404,296,905, current: 4,096
Time: 0.001914923000000(s)

		 [33m Checking if the response file is the same as the expected file [0m


			 [0;32m The files are the same. [0m


	 [33mStarting extract with GC* - INTERVAL SIZE 1.[0m
	Compressed file information:
		Size of Tuples: 2
		Amount of levels: 15
Tamanho do símbolo inicial: 14079
		Level: 15 - amount of rules: 26.
		Level: 14 - amount of rules: 584.
		Level: 13 - amount of rules: 73798.
		Level: 12 - amount of rules: 11174769.
		Level: 11 - amount of rules: 8563908.
		Level: 10 - amount of rules: 5452125.
		Level: 9 - amount of rules: 3080240.
		Level: 8 - amount of rules: 1632879.
		Level: 7 - amount of rules: 838634.
		Level: 6 - amount of rules: 425523.
		Level: 5 - amount of rules: 215893.
		Level: 4 - amount of rules: 109653.
		Level: 3 - amount of rules: 55659.
		Level: 2 - amount of rules: 28088.
		Level: 1 - amount of rules: 14079.
	The extracted strings was saved in: [32mreport/2025-08-12/extract/real-cere_result_extract_gc2_len1.txt[0m
malloc_count ### exiting, total: 221,356,070, peak: 175,531,261, current: 4,096
Time: 0.009080576000000(s)

		 [33m Checking if the response file is the same as the expected file [0m


			 [0;32m The files are the same. [0m

	Compressed file information:
		Size of Tuples: 4
		Amount of levels: 8
Tamanho do símbolo inicial: 7040
		Level: 8 - amount of rules: 584.
		Level: 7 - amount of rules: 11174768.
		Level: 6 - amount of rules: 5452125.
		Level: 5 - amount of rules: 1632879.
		Level: 4 - amount of rules: 425522.
		Level: 3 - amount of rules: 109653.
		Level: 2 - amount of rules: 28088.
		Level: 1 - amount of rules: 7040.
	The extracted strings was saved in: [32mreport/2025-08-12/extract/real-cere_result_extract_gc4_len1.txt[0m
malloc_count ### exiting, total: 201,803,678, peak: 155,978,869, current: 4,096
Time: 0.005850911000000(s)

		 [33m Checking if the response file is the same as the expected file [0m


			 [0;32m The files are the same. [0m


[33m Generating expected responses for searched interval...[0m

	 [33mStarting extract with GCX - real-cere - INTERVAL SIZE 10.[0m
	Using initial window of size 2 for LCP calculation.

[32mStarting to extract ...
[0m	Compressed file information:

		Amount of levels: 1
		Size initial partition: 2
		Initial symbol size: 230643323
		Level: 1 - amount of rules: 26 - size of rules 2.
	The extracted strings was saved in: [32mreport/2025-08-12/extract/real-cere_10_substrings_results.txt[0m
malloc_count ### exiting, total: 882,577,002, peak: 836,752,193, current: 4,096
Time: 0.002294521000000(s)

		 [33m Checking if the response file is the same as the expected file [0m


			 [0;32m The files are the same. [0m


	 [33mStarting extract with GCX - real-cere - INTERVAL SIZE 10.[0m
	Using initial window of size 4 for LCP calculation.

[32mStarting to extract ...
[0m	Compressed file information:

		Amount of levels: 2
		Size initial partition: 4
		Initial symbol size: 115321663
		Level: 2 - amount of rules: 26 - size of rules 2.
		Level: 1 - amount of rules: 585 - size of rules 2.
	The extracted strings was saved in: [32mreport/2025-08-12/extract/real-cere_10_substrings_results.txt[0m
malloc_count ### exiting, total: 450,121,714, peak: 404,296,905, current: 4,096
Time: 0.002247696000000(s)

		 [33m Checking if the response file is the same as the expected file [0m


			 [0;32m The files are the same. [0m


	 [33mStarting extract with GC* - INTERVAL SIZE 10.[0m
	Compressed file information:
		Size of Tuples: 2
		Amount of levels: 15
Tamanho do símbolo inicial: 14079
		Level: 15 - amount of rules: 26.
		Level: 14 - amount of rules: 584.
		Level: 13 - amount of rules: 73798.
		Level: 12 - amount of rules: 11174769.
		Level: 11 - amount of rules: 8563908.
		Level: 10 - amount of rules: 5452125.
		Level: 9 - amount of rules: 3080240.
		Level: 8 - amount of rules: 1632879.
		Level: 7 - amount of rules: 838634.
		Level: 6 - amount of rules: 425523.
		Level: 5 - amount of rules: 215893.
		Level: 4 - amount of rules: 109653.
		Level: 3 - amount of rules: 55659.
		Level: 2 - amount of rules: 28088.
		Level: 1 - amount of rules: 14079.
	The extracted strings was saved in: [32mreport/2025-08-12/extract/real-cere_result_extract_gc2_len10.txt[0m
malloc_count ### exiting, total: 221,356,070, peak: 175,531,261, current: 4,096
Time: 0.010182303000000(s)

		 [33m Checking if the response file is the same as the expected file [0m


			 [0;32m The files are the same. [0m

	Compressed file information:
		Size of Tuples: 4
		Amount of levels: 8
Tamanho do símbolo inicial: 7040
		Level: 8 - amount of rules: 584.
		Level: 7 - amount of rules: 11174768.
		Level: 6 - amount of rules: 5452125.
		Level: 5 - amount of rules: 1632879.
		Level: 4 - amount of rules: 425522.
		Level: 3 - amount of rules: 109653.
		Level: 2 - amount of rules: 28088.
		Level: 1 - amount of rules: 7040.
	The extracted strings was saved in: [32mreport/2025-08-12/extract/real-cere_result_extract_gc4_len10.txt[0m
malloc_count ### exiting, total: 201,803,678, peak: 155,978,869, current: 4,096
Time: 0.005879863000000(s)

		 [33m Checking if the response file is the same as the expected file [0m


			 [0;32m The files are the same. [0m


[33m Generating expected responses for searched interval...[0m

	 [33mStarting extract with GCX - real-cere - INTERVAL SIZE 100.[0m
	Using initial window of size 2 for LCP calculation.

[32mStarting to extract ...
[0m	Compressed file information:

		Amount of levels: 1
		Size initial partition: 2
		Initial symbol size: 230643323
		Level: 1 - amount of rules: 26 - size of rules 2.
	The extracted strings was saved in: [32mreport/2025-08-12/extract/real-cere_100_substrings_results.txt[0m
malloc_count ### exiting, total: 882,577,002, peak: 836,752,193, current: 4,096
Time: 0.003676759000000(s)

		 [33m Checking if the response file is the same as the expected file [0m


			 [0;32m The files are the same. [0m


	 [33mStarting extract with GCX - real-cere - INTERVAL SIZE 100.[0m
	Using initial window of size 4 for LCP calculation.

[32mStarting to extract ...
[0m	Compressed file information:

		Amount of levels: 2
		Size initial partition: 4
		Initial symbol size: 115321663
		Level: 2 - amount of rules: 26 - size of rules 2.
		Level: 1 - amount of rules: 585 - size of rules 2.
	The extracted strings was saved in: [32mreport/2025-08-12/extract/real-cere_100_substrings_results.txt[0m
malloc_count ### exiting, total: 450,121,714, peak: 404,296,905, current: 4,096
Time: 0.004410077000000(s)

		 [33m Checking if the response file is the same as the expected file [0m


			 [0;32m The files are the same. [0m


	 [33mStarting extract with GC* - INTERVAL SIZE 100.[0m
	Compressed file information:
		Size of Tuples: 2
		Amount of levels: 15
Tamanho do símbolo inicial: 14079
		Level: 15 - amount of rules: 26.
		Level: 14 - amount of rules: 584.
		Level: 13 - amount of rules: 73798.
		Level: 12 - amount of rules: 11174769.
		Level: 11 - amount of rules: 8563908.
		Level: 10 - amount of rules: 5452125.
		Level: 9 - amount of rules: 3080240.
		Level: 8 - amount of rules: 1632879.
		Level: 7 - amount of rules: 838634.
		Level: 6 - amount of rules: 425523.
		Level: 5 - amount of rules: 215893.
		Level: 4 - amount of rules: 109653.
		Level: 3 - amount of rules: 55659.
		Level: 2 - amount of rules: 28088.
		Level: 1 - amount of rules: 14079.
	The extracted strings was saved in: [32mreport/2025-08-12/extract/real-cere_result_extract_gc2_len100.txt[0m
malloc_count ### exiting, total: 221,356,070, peak: 175,531,261, current: 4,096
Time: 0.015133037000000(s)

		 [33m Checking if the response file is the same as the expected file [0m


			 [0;32m The files are the same. [0m

	Compressed file information:
		Size of Tuples: 4
		Amount of levels: 8
Tamanho do símbolo inicial: 7040
		Level: 8 - amount of rules: 584.
		Level: 7 - amount of rules: 11174768.
		Level: 6 - amount of rules: 5452125.
		Level: 5 - amount of rules: 1632879.
		Level: 4 - amount of rules: 425522.
		Level: 3 - amount of rules: 109653.
		Level: 2 - amount of rules: 28088.
		Level: 1 - amount of rules: 7040.
	The extracted strings was saved in: [32mreport/2025-08-12/extract/real-cere_result_extract_gc4_len100.txt[0m
malloc_count ### exiting, total: 201,803,678, peak: 155,978,869, current: 4,096
Time: 0.009173113000000(s)

		 [33m Checking if the response file is the same as the expected file [0m


			 [0;32m The files are the same. [0m


[33m Generating expected responses for searched interval...[0m

	 [33mStarting extract with GCX - real-cere - INTERVAL SIZE 1000.[0m
	Using initial window of size 2 for LCP calculation.

[32mStarting to extract ...
[0m	Compressed file information:

		Amount of levels: 1
		Size initial partition: 2
		Initial symbol size: 230643323
		Level: 1 - amount of rules: 26 - size of rules 2.
	The extracted strings was saved in: [32mreport/2025-08-12/extract/real-cere_1000_substrings_results.txt[0m
malloc_count ### exiting, total: 882,577,002, peak: 836,752,193, current: 4,096
Time: 0.017127728000000(s)

		 [33m Checking if the response file is the same as the expected file [0m


			 [0;32m The files are the same. [0m


	 [33mStarting extract with GCX - real-cere - INTERVAL SIZE 1000.[0m
	Using initial window of size 4 for LCP calculation.

[32mStarting to extract ...
[0m	Compressed file information:

		Amount of levels: 2
		Size initial partition: 4
		Initial symbol size: 115321663
		Level: 2 - amount of rules: 26 - size of rules 2.
		Level: 1 - amount of rules: 585 - size of rules 2.
	The extracted strings was saved in: [32mreport/2025-08-12/extract/real-cere_1000_substrings_results.txt[0m
malloc_count ### exiting, total: 450,121,714, peak: 404,296,905, current: 4,096
Time: 0.025204609000000(s)

		 [33m Checking if the response file is the same as the expected file [0m


			 [0;32m The files are the same. [0m


	 [33mStarting extract with GC* - INTERVAL SIZE 1000.[0m
	Compressed file information:
		Size of Tuples: 2
		Amount of levels: 15
Tamanho do símbolo inicial: 14079
		Level: 15 - amount of rules: 26.
		Level: 14 - amount of rules: 584.
		Level: 13 - amount of rules: 73798.
		Level: 12 - amount of rules: 11174769.
		Level: 11 - amount of rules: 8563908.
		Level: 10 - amount of rules: 5452125.
		Level: 9 - amount of rules: 3080240.
		Level: 8 - amount of rules: 1632879.
		Level: 7 - amount of rules: 838634.
		Level: 6 - amount of rules: 425523.
		Level: 5 - amount of rules: 215893.
		Level: 4 - amount of rules: 109653.
		Level: 3 - amount of rules: 55659.
		Level: 2 - amount of rules: 28088.
		Level: 1 - amount of rules: 14079.
	The extracted strings was saved in: [32mreport/2025-08-12/extract/real-cere_result_extract_gc2_len1000.txt[0m
malloc_count ### exiting, total: 221,356,070, peak: 175,531,261, current: 4,096
Time: 0.074724544000000(s)

		 [33m Checking if the response file is the same as the expected file [0m


			 [0;32m The files are the same. [0m

	Compressed file information:
		Size of Tuples: 4
		Amount of levels: 8
Tamanho do símbolo inicial: 7040
		Level: 8 - amount of rules: 584.
		Level: 7 - amount of rules: 11174768.
		Level: 6 - amount of rules: 5452125.
		Level: 5 - amount of rules: 1632879.
		Level: 4 - amount of rules: 425522.
		Level: 3 - amount of rules: 109653.
		Level: 2 - amount of rules: 28088.
		Level: 1 - amount of rules: 7040.
	The extracted strings was saved in: [32mreport/2025-08-12/extract/real-cere_result_extract_gc4_len1000.txt[0m
malloc_count ### exiting, total: 201,803,678, peak: 155,978,869, current: 4,096
Time: 0.051524750000000(s)

		 [33m Checking if the response file is the same as the expected file [0m


			 [0;32m The files are the same. [0m


[33m Generating expected responses for searched interval...[0m

	 [33mStarting extract with GCX - real-cere - INTERVAL SIZE 10000.[0m
	Using initial window of size 2 for LCP calculation.

[32mStarting to extract ...
[0m	Compressed file information:

		Amount of levels: 1
		Size initial partition: 2
		Initial symbol size: 230643323
		Level: 1 - amount of rules: 26 - size of rules 2.
	The extracted strings was saved in: [32mreport/2025-08-12/extract/real-cere_10000_substrings_results.txt[0m
malloc_count ### exiting, total: 882,577,002, peak: 836,752,193, current: 4,096
Time: 0.142453083000000(s)

		 [33m Checking if the response file is the same as the expected file [0m


			 [0;32m The files are the same. [0m


	 [33mStarting extract with GCX - real-cere - INTERVAL SIZE 10000.[0m
	Using initial window of size 4 for LCP calculation.

[32mStarting to extract ...
[0m	Compressed file information:

		Amount of levels: 2
		Size initial partition: 4
		Initial symbol size: 115321663
		Level: 2 - amount of rules: 26 - size of rules 2.
		Level: 1 - amount of rules: 585 - size of rules 2.
	The extracted strings was saved in: [32mreport/2025-08-12/extract/real-cere_10000_substrings_results.txt[0m
malloc_count ### exiting, total: 450,121,714, peak: 404,296,905, current: 4,096
Time: 0.220534692000000(s)

		 [33m Checking if the response file is the same as the expected file [0m


			 [0;32m The files are the same. [0m


	 [33mStarting extract with GC* - INTERVAL SIZE 10000.[0m
	Compressed file information:
		Size of Tuples: 2
		Amount of levels: 15
Tamanho do símbolo inicial: 14079
		Level: 15 - amount of rules: 26.
		Level: 14 - amount of rules: 584.
		Level: 13 - amount of rules: 73798.
		Level: 12 - amount of rules: 11174769.
		Level: 11 - amount of rules: 8563908.
		Level: 10 - amount of rules: 5452125.
		Level: 9 - amount of rules: 3080240.
		Level: 8 - amount of rules: 1632879.
		Level: 7 - amount of rules: 838634.
		Level: 6 - amount of rules: 425523.
		Level: 5 - amount of rules: 215893.
		Level: 4 - amount of rules: 109653.
		Level: 3 - amount of rules: 55659.
		Level: 2 - amount of rules: 28088.
		Level: 1 - amount of rules: 14079.
	The extracted strings was saved in: [32mreport/2025-08-12/extract/real-cere_result_extract_gc2_len10000.txt[0m
malloc_count ### exiting, total: 221,356,070, peak: 175,531,261, current: 4,096
Time: 0.695659998000000(s)

		 [33m Checking if the response file is the same as the expected file [0m


			 [0;32m The files are the same. [0m

	Compressed file information:
		Size of Tuples: 4
		Amount of levels: 8
Tamanho do símbolo inicial: 7040
		Level: 8 - amount of rules: 584.
		Level: 7 - amount of rules: 11174768.
		Level: 6 - amount of rules: 5452125.
		Level: 5 - amount of rules: 1632879.
		Level: 4 - amount of rules: 425522.
		Level: 3 - amount of rules: 109653.
		Level: 2 - amount of rules: 28088.
		Level: 1 - amount of rules: 7040.
	The extracted strings was saved in: [32mreport/2025-08-12/extract/real-cere_result_extract_gc4_len10000.txt[0m
malloc_count ### exiting, total: 201,803,678, peak: 155,978,869, current: 4,096
Time: 0.480422633000000(s)

		 [33m Checking if the response file is the same as the expected file [0m


			 [0;32m The files are the same. [0m


	[34mPreparing for extract operation on the real-coreutils file. [0m


[33m Generating expected responses for searched interval...[0m

	 [33mStarting extract with GCX - real-coreutils - INTERVAL SIZE 1.[0m
	Using initial window of size 2 for LCP calculation.

[32mStarting to extract ...
[0m	Compressed file information:

		Amount of levels: 1
		Size initial partition: 2
		Initial symbol size: 102640890
		Level: 1 - amount of rules: 18441 - size of rules 2.
	The extracted strings was saved in: [32mreport/2025-08-12/extract/real-coreutils_1_substrings_results.txt[0m
malloc_count ### exiting, total: 405,774,904, peak: 359,950,095, current: 4,096
Time: 0.001932878000000(s)

		 [33m Checking if the response file is the same as the expected file [0m


			 [0;32m The files are the same. [0m


	 [33mStarting extract with GCX - real-coreutils - INTERVAL SIZE 1.[0m
	Using initial window of size 4 for LCP calculation.

[32mStarting to extract ...
[0m	Compressed file information:

		Amount of levels: 2
		Size initial partition: 4
		Initial symbol size: 51320446
		Level: 2 - amount of rules: 18441 - size of rules 2.
		Level: 1 - amount of rules: 568196 - size of rules 2.
	The extracted strings was saved in: [32mreport/2025-08-12/extract/real-coreutils_1_substrings_results.txt[0m
malloc_count ### exiting, total: 222,011,144, peak: 176,186,335, current: 4,096
Time: 0.001824662000000(s)

		 [33m Checking if the response file is the same as the expected file [0m


			 [0;32m The files are the same. [0m


	 [33mStarting extract with GC* - INTERVAL SIZE 1.[0m
	Compressed file information:
		Size of Tuples: 2
		Amount of levels: 13
Tamanho do símbolo inicial: 25060
		Level: 13 - amount of rules: 18441.
		Level: 12 - amount of rules: 568196.
		Level: 11 - amount of rules: 3091530.
		Level: 10 - amount of rules: 4515344.
		Level: 9 - amount of rules: 3559016.
		Level: 8 - amount of rules: 2334794.
		Level: 7 - amount of rules: 1372057.
		Level: 6 - amount of rules: 752669.
		Level: 5 - amount of rules: 392808.
		Level: 4 - amount of rules: 199462.
		Level: 3 - amount of rules: 100077.
		Level: 2 - amount of rules: 50100.
		Level: 1 - amount of rules: 25060.
	The extracted strings was saved in: [32mreport/2025-08-12/extract/real-coreutils_result_extract_gc2_len1.txt[0m
malloc_count ### exiting, total: 141,724,164, peak: 95,899,355, current: 4,096
Time: 0.008640633000000(s)

		 [33m Checking if the response file is the same as the expected file [0m


			 [0;32m The files are the same. [0m

	Compressed file information:
		Size of Tuples: 4
		Amount of levels: 7
Tamanho do símbolo inicial: 12530
		Level: 7 - amount of rules: 568195.
		Level: 6 - amount of rules: 4515343.
		Level: 5 - amount of rules: 2334794.
		Level: 4 - amount of rules: 752669.
		Level: 3 - amount of rules: 199461.
		Level: 2 - amount of rules: 50099.
		Level: 1 - amount of rules: 12530.
	The extracted strings was saved in: [32mreport/2025-08-12/extract/real-coreutils_result_extract_gc4_len1.txt[0m
malloc_count ### exiting, total: 135,552,614, peak: 89,727,805, current: 4,096
Time: 0.005079502000000(s)

		 [33m Checking if the response file is the same as the expected file [0m


			 [0;32m The files are the same. [0m


[33m Generating expected responses for searched interval...[0m

	 [33mStarting extract with GCX - real-coreutils - INTERVAL SIZE 10.[0m
	Using initial window of size 2 for LCP calculation.

[32mStarting to extract ...
[0m	Compressed file information:

		Amount of levels: 1
		Size initial partition: 2
		Initial symbol size: 102640890
		Level: 1 - amount of rules: 18441 - size of rules 2.
	The extracted strings was saved in: [32mreport/2025-08-12/extract/real-coreutils_10_substrings_results.txt[0m
malloc_count ### exiting, total: 405,774,904, peak: 359,950,095, current: 4,096
Time: 0.002015678000000(s)

		 [33m Checking if the response file is the same as the expected file [0m


			 [0;32m The files are the same. [0m


	 [33mStarting extract with GCX - real-coreutils - INTERVAL SIZE 10.[0m
	Using initial window of size 4 for LCP calculation.

[32mStarting to extract ...
[0m	Compressed file information:

		Amount of levels: 2
		Size initial partition: 4
		Initial symbol size: 51320446
		Level: 2 - amount of rules: 18441 - size of rules 2.
		Level: 1 - amount of rules: 568196 - size of rules 2.
	The extracted strings was saved in: [32mreport/2025-08-12/extract/real-coreutils_10_substrings_results.txt[0m
malloc_count ### exiting, total: 222,011,144, peak: 176,186,335, current: 4,096
Time: 0.001959003000000(s)

		 [33m Checking if the response file is the same as the expected file [0m


			 [0;32m The files are the same. [0m


	 [33mStarting extract with GC* - INTERVAL SIZE 10.[0m
	Compressed file information:
		Size of Tuples: 2
		Amount of levels: 13
Tamanho do símbolo inicial: 25060
		Level: 13 - amount of rules: 18441.
		Level: 12 - amount of rules: 568196.
		Level: 11 - amount of rules: 3091530.
		Level: 10 - amount of rules: 4515344.
		Level: 9 - amount of rules: 3559016.
		Level: 8 - amount of rules: 2334794.
		Level: 7 - amount of rules: 1372057.
		Level: 6 - amount of rules: 752669.
		Level: 5 - amount of rules: 392808.
		Level: 4 - amount of rules: 199462.
		Level: 3 - amount of rules: 100077.
		Level: 2 - amount of rules: 50100.
		Level: 1 - amount of rules: 25060.
	The extracted strings was saved in: [32mreport/2025-08-12/extract/real-coreutils_result_extract_gc2_len10.txt[0m
malloc_count ### exiting, total: 141,724,164, peak: 95,899,355, current: 4,096
Time: 0.008922531000000(s)

		 [33m Checking if the response file is the same as the expected file [0m


			 [0;32m The files are the same. [0m

	Compressed file information:
		Size of Tuples: 4
		Amount of levels: 7
Tamanho do símbolo inicial: 12530
		Level: 7 - amount of rules: 568195.
		Level: 6 - amount of rules: 4515343.
		Level: 5 - amount of rules: 2334794.
		Level: 4 - amount of rules: 752669.
		Level: 3 - amount of rules: 199461.
		Level: 2 - amount of rules: 50099.
		Level: 1 - amount of rules: 12530.
	The extracted strings was saved in: [32mreport/2025-08-12/extract/real-coreutils_result_extract_gc4_len10.txt[0m
malloc_count ### exiting, total: 135,552,614, peak: 89,727,805, current: 4,096
Time: 0.005131447000000(s)

		 [33m Checking if the response file is the same as the expected file [0m


			 [0;32m The files are the same. [0m


[33m Generating expected responses for searched interval...[0m

	 [33mStarting extract with GCX - real-coreutils - INTERVAL SIZE 100.[0m
	Using initial window of size 2 for LCP calculation.

[32mStarting to extract ...
[0m	Compressed file information:

		Amount of levels: 1
		Size initial partition: 2
		Initial symbol size: 102640890
		Level: 1 - amount of rules: 18441 - size of rules 2.
	The extracted strings was saved in: [32mreport/2025-08-12/extract/real-coreutils_100_substrings_results.txt[0m
malloc_count ### exiting, total: 405,774,904, peak: 359,950,095, current: 4,096
Time: 0.003371646000000(s)

		 [33m Checking if the response file is the same as the expected file [0m


			 [0;32m The files are the same. [0m


	 [33mStarting extract with GCX - real-coreutils - INTERVAL SIZE 100.[0m
	Using initial window of size 4 for LCP calculation.

[32mStarting to extract ...
[0m	Compressed file information:

		Amount of levels: 2
		Size initial partition: 4
		Initial symbol size: 51320446
		Level: 2 - amount of rules: 18441 - size of rules 2.
		Level: 1 - amount of rules: 568196 - size of rules 2.
	The extracted strings was saved in: [32mreport/2025-08-12/extract/real-coreutils_100_substrings_results.txt[0m
malloc_count ### exiting, total: 222,011,144, peak: 176,186,335, current: 4,096
Time: 0.004272771000000(s)

		 [33m Checking if the response file is the same as the expected file [0m


			 [0;32m The files are the same. [0m


	 [33mStarting extract with GC* - INTERVAL SIZE 100.[0m
	Compressed file information:
		Size of Tuples: 2
		Amount of levels: 13
Tamanho do símbolo inicial: 25060
		Level: 13 - amount of rules: 18441.
		Level: 12 - amount of rules: 568196.
		Level: 11 - amount of rules: 3091530.
		Level: 10 - amount of rules: 4515344.
		Level: 9 - amount of rules: 3559016.
		Level: 8 - amount of rules: 2334794.
		Level: 7 - amount of rules: 1372057.
		Level: 6 - amount of rules: 752669.
		Level: 5 - amount of rules: 392808.
		Level: 4 - amount of rules: 199462.
		Level: 3 - amount of rules: 100077.
		Level: 2 - amount of rules: 50100.
		Level: 1 - amount of rules: 25060.
	The extracted strings was saved in: [32mreport/2025-08-12/extract/real-coreutils_result_extract_gc2_len100.txt[0m
malloc_count ### exiting, total: 141,724,164, peak: 95,899,355, current: 4,096
Time: 0.015680537000000(s)

		 [33m Checking if the response file is the same as the expected file [0m


			 [0;32m The files are the same. [0m

	Compressed file information:
		Size of Tuples: 4
		Amount of levels: 7
Tamanho do símbolo inicial: 12530
		Level: 7 - amount of rules: 568195.
		Level: 6 - amount of rules: 4515343.
		Level: 5 - amount of rules: 2334794.
		Level: 4 - amount of rules: 752669.
		Level: 3 - amount of rules: 199461.
		Level: 2 - amount of rules: 50099.
		Level: 1 - amount of rules: 12530.
	The extracted strings was saved in: [32mreport/2025-08-12/extract/real-coreutils_result_extract_gc4_len100.txt[0m
malloc_count ### exiting, total: 135,552,614, peak: 89,727,805, current: 4,096
Time: 0.008878184000000(s)

		 [33m Checking if the response file is the same as the expected file [0m


			 [0;32m The files are the same. [0m


[33m Generating expected responses for searched interval...[0m

	 [33mStarting extract with GCX - real-coreutils - INTERVAL SIZE 1000.[0m
	Using initial window of size 2 for LCP calculation.

[32mStarting to extract ...
[0m	Compressed file information:

		Amount of levels: 1
		Size initial partition: 2
		Initial symbol size: 102640890
		Level: 1 - amount of rules: 18441 - size of rules 2.
	The extracted strings was saved in: [32mreport/2025-08-12/extract/real-coreutils_1000_substrings_results.txt[0m
malloc_count ### exiting, total: 405,774,904, peak: 359,950,095, current: 4,096
Time: 0.016617413000000(s)

		 [33m Checking if the response file is the same as the expected file [0m


			 [0;32m The files are the same. [0m


	 [33mStarting extract with GCX - real-coreutils - INTERVAL SIZE 1000.[0m
	Using initial window of size 4 for LCP calculation.

[32mStarting to extract ...
[0m	Compressed file information:

		Amount of levels: 2
		Size initial partition: 4
		Initial symbol size: 51320446
		Level: 2 - amount of rules: 18441 - size of rules 2.
		Level: 1 - amount of rules: 568196 - size of rules 2.
	The extracted strings was saved in: [32mreport/2025-08-12/extract/real-coreutils_1000_substrings_results.txt[0m
malloc_count ### exiting, total: 222,011,144, peak: 176,186,335, current: 4,096
Time: 0.026567463000000(s)

		 [33m Checking if the response file is the same as the expected file [0m


			 [0;32m The files are the same. [0m


	 [33mStarting extract with GC* - INTERVAL SIZE 1000.[0m
	Compressed file information:
		Size of Tuples: 2
		Amount of levels: 13
Tamanho do símbolo inicial: 25060
		Level: 13 - amount of rules: 18441.
		Level: 12 - amount of rules: 568196.
		Level: 11 - amount of rules: 3091530.
		Level: 10 - amount of rules: 4515344.
		Level: 9 - amount of rules: 3559016.
		Level: 8 - amount of rules: 2334794.
		Level: 7 - amount of rules: 1372057.
		Level: 6 - amount of rules: 752669.
		Level: 5 - amount of rules: 392808.
		Level: 4 - amount of rules: 199462.
		Level: 3 - amount of rules: 100077.
		Level: 2 - amount of rules: 50100.
		Level: 1 - amount of rules: 25060.
	The extracted strings was saved in: [32mreport/2025-08-12/extract/real-coreutils_result_extract_gc2_len1000.txt[0m
malloc_count ### exiting, total: 141,724,164, peak: 95,899,355, current: 4,096
Time: 0.090393875000000(s)

		 [33m Checking if the response file is the same as the expected file [0m


			 [0;32m The files are the same. [0m

	Compressed file information:
		Size of Tuples: 4
		Amount of levels: 7
Tamanho do símbolo inicial: 12530
		Level: 7 - amount of rules: 568195.
		Level: 6 - amount of rules: 4515343.
		Level: 5 - amount of rules: 2334794.
		Level: 4 - amount of rules: 752669.
		Level: 3 - amount of rules: 199461.
		Level: 2 - amount of rules: 50099.
		Level: 1 - amount of rules: 12530.
	The extracted strings was saved in: [32mreport/2025-08-12/extract/real-coreutils_result_extract_gc4_len1000.txt[0m
malloc_count ### exiting, total: 135,552,614, peak: 89,727,805, current: 4,096
Time: 0.046905959000000(s)

		 [33m Checking if the response file is the same as the expected file [0m


			 [0;32m The files are the same. [0m


[33m Generating expected responses for searched interval...[0m

	 [33mStarting extract with GCX - real-coreutils - INTERVAL SIZE 10000.[0m
	Using initial window of size 2 for LCP calculation.

[32mStarting to extract ...
[0m	Compressed file information:

		Amount of levels: 1
		Size initial partition: 2
		Initial symbol size: 102640890
		Level: 1 - amount of rules: 18441 - size of rules 2.
	The extracted strings was saved in: [32mreport/2025-08-12/extract/real-coreutils_10000_substrings_results.txt[0m
malloc_count ### exiting, total: 405,774,904, peak: 359,950,095, current: 4,096
Time: 0.142713124000000(s)

		 [33m Checking if the response file is the same as the expected file [0m


			 [0;32m The files are the same. [0m


	 [33mStarting extract with GCX - real-coreutils - INTERVAL SIZE 10000.[0m
	Using initial window of size 4 for LCP calculation.

[32mStarting to extract ...
[0m	Compressed file information:

		Amount of levels: 2
		Size initial partition: 4
		Initial symbol size: 51320446
		Level: 2 - amount of rules: 18441 - size of rules 2.
		Level: 1 - amount of rules: 568196 - size of rules 2.
	The extracted strings was saved in: [32mreport/2025-08-12/extract/real-coreutils_10000_substrings_results.txt[0m
malloc_count ### exiting, total: 222,011,144, peak: 176,186,335, current: 4,096
Time: 0.219878481000000(s)

		 [33m Checking if the response file is the same as the expected file [0m


			 [0;32m The files are the same. [0m


	 [33mStarting extract with GC* - INTERVAL SIZE 10000.[0m
	Compressed file information:
		Size of Tuples: 2
		Amount of levels: 13
Tamanho do símbolo inicial: 25060
		Level: 13 - amount of rules: 18441.
		Level: 12 - amount of rules: 568196.
		Level: 11 - amount of rules: 3091530.
		Level: 10 - amount of rules: 4515344.
		Level: 9 - amount of rules: 3559016.
		Level: 8 - amount of rules: 2334794.
		Level: 7 - amount of rules: 1372057.
		Level: 6 - amount of rules: 752669.
		Level: 5 - amount of rules: 392808.
		Level: 4 - amount of rules: 199462.
		Level: 3 - amount of rules: 100077.
		Level: 2 - amount of rules: 50100.
		Level: 1 - amount of rules: 25060.
	The extracted strings was saved in: [32mreport/2025-08-12/extract/real-coreutils_result_extract_gc2_len10000.txt[0m
malloc_count ### exiting, total: 141,724,164, peak: 95,899,355, current: 4,096
Time: 0.777653822000000(s)

		 [33m Checking if the response file is the same as the expected file [0m


			 [0;32m The files are the same. [0m

	Compressed file information:
		Size of Tuples: 4
		Amount of levels: 7
Tamanho do símbolo inicial: 12530
		Level: 7 - amount of rules: 568195.
		Level: 6 - amount of rules: 4515343.
		Level: 5 - amount of rules: 2334794.
		Level: 4 - amount of rules: 752669.
		Level: 3 - amount of rules: 199461.
		Level: 2 - amount of rules: 50099.
		Level: 1 - amount of rules: 12530.
	The extracted strings was saved in: [32mreport/2025-08-12/extract/real-coreutils_result_extract_gc4_len10000.txt[0m
malloc_count ### exiting, total: 135,552,614, peak: 89,727,805, current: 4,096
Time: 0.402479214000000(s)

		 [33m Checking if the response file is the same as the expected file [0m


			 [0;32m The files are the same. [0m


	[34mPreparing for extract operation on the pseudo-real-dblp.xml.0001.1 file. [0m


[33m Generating expected responses for searched interval...[0m

	 [33mStarting extract with GCX - pseudo-real-dblp.xml.0001.1 - INTERVAL SIZE 1.[0m
	Using initial window of size 2 for LCP calculation.

[32mStarting to extract ...
[0m	Compressed file information:

		Amount of levels: 1
		Size initial partition: 2
		Initial symbol size: 52428801
		Level: 1 - amount of rules: 3623 - size of rules 2.
	The extracted strings was saved in: [32mreport/2025-08-12/extract/pseudo-real-dblp.xml.0001.1_1_substrings_results.txt[0m
malloc_count ### exiting, total: 223,449,356, peak: 177,624,547, current: 4,096
Time: 0.001691558000000(s)

		 [33m Checking if the response file is the same as the expected file [0m


			 [0;32m The files are the same. [0m


	 [33mStarting extract with GCX - pseudo-real-dblp.xml.0001.1 - INTERVAL SIZE 1.[0m
	Using initial window of size 4 for LCP calculation.

[32mStarting to extract ...
[0m	Compressed file information:

		Amount of levels: 2
		Size initial partition: 4
		Initial symbol size: 26214402
		Level: 2 - amount of rules: 3623 - size of rules 2.
		Level: 1 - amount of rules: 37050 - size of rules 2.
	The extracted strings was saved in: [32mreport/2025-08-12/extract/pseudo-real-dblp.xml.0001.1_1_substrings_results.txt[0m
malloc_count ### exiting, total: 131,819,428, peak: 85,994,619, current: 4,096
Time: 0.001556044000000(s)

		 [33m Checking if the response file is the same as the expected file [0m


			 [0;32m The files are the same. [0m


	 [33mStarting extract with GC* - INTERVAL SIZE 1.[0m
	Compressed file information:
		Size of Tuples: 2
		Amount of levels: 17
Tamanho do símbolo inicial: 801
		Level: 17 - amount of rules: 3623.
		Level: 16 - amount of rules: 37049.
		Level: 15 - amount of rules: 50060.
		Level: 14 - amount of rules: 44249.
		Level: 13 - amount of rules: 34653.
		Level: 12 - amount of rules: 25783.
		Level: 11 - amount of rules: 18418.
		Level: 10 - amount of rules: 14270.
		Level: 9 - amount of rules: 12084.
		Level: 8 - amount of rules: 10817.
		Level: 7 - amount of rules: 9835.
		Level: 6 - amount of rules: 8755.
		Level: 5 - amount of rules: 7203.
		Level: 4 - amount of rules: 5161.
		Level: 3 - amount of rules: 3095.
		Level: 2 - amount of rules: 1599.
		Level: 1 - amount of rules: 801.
	The extracted strings was saved in: [32mreport/2025-08-12/extract/pseudo-real-dblp.xml.0001.1_result_extract_gc2_len1.txt[0m
malloc_count ### exiting, total: 47,632,080, peak: 1,807,271, current: 4,096
Time: 0.002856712000000(s)

		 [33m Checking if the response file is the same as the expected file [0m


			 [0;32m The files are the same. [0m

	Compressed file information:
		Size of Tuples: 4
		Amount of levels: 9
Tamanho do símbolo inicial: 401
		Level: 9 - amount of rules: 37049.
		Level: 8 - amount of rules: 44249.
		Level: 7 - amount of rules: 25783.
		Level: 6 - amount of rules: 14270.
		Level: 5 - amount of rules: 10817.
		Level: 4 - amount of rules: 8755.
		Level: 3 - amount of rules: 5161.
		Level: 2 - amount of rules: 1599.
		Level: 1 - amount of rules: 401.
	The extracted strings was saved in: [32mreport/2025-08-12/extract/pseudo-real-dblp.xml.0001.1_result_extract_gc4_len1.txt[0m
malloc_count ### exiting, total: 47,552,566, peak: 1,727,757, current: 4,096
Time: 0.001899814000000(s)

		 [33m Checking if the response file is the same as the expected file [0m


			 [0;32m The files are the same. [0m


[33m Generating expected responses for searched interval...[0m

	 [33mStarting extract with GCX - pseudo-real-dblp.xml.0001.1 - INTERVAL SIZE 10.[0m
	Using initial window of size 2 for LCP calculation.

[32mStarting to extract ...
[0m	Compressed file information:

		Amount of levels: 1
		Size initial partition: 2
		Initial symbol size: 52428801
		Level: 1 - amount of rules: 3623 - size of rules 2.
	The extracted strings was saved in: [32mreport/2025-08-12/extract/pseudo-real-dblp.xml.0001.1_10_substrings_results.txt[0m
malloc_count ### exiting, total: 223,449,356, peak: 177,624,547, current: 4,096
Time: 0.001728743000000(s)

		 [33m Checking if the response file is the same as the expected file [0m


			 [0;32m The files are the same. [0m


	 [33mStarting extract with GCX - pseudo-real-dblp.xml.0001.1 - INTERVAL SIZE 10.[0m
	Using initial window of size 4 for LCP calculation.

[32mStarting to extract ...
[0m	Compressed file information:

		Amount of levels: 2
		Size initial partition: 4
		Initial symbol size: 26214402
		Level: 2 - amount of rules: 3623 - size of rules 2.
		Level: 1 - amount of rules: 37050 - size of rules 2.
	The extracted strings was saved in: [32mreport/2025-08-12/extract/pseudo-real-dblp.xml.0001.1_10_substrings_results.txt[0m
malloc_count ### exiting, total: 131,819,428, peak: 85,994,619, current: 4,096
Time: 0.001743263000000(s)

		 [33m Checking if the response file is the same as the expected file [0m


			 [0;32m The files are the same. [0m


	 [33mStarting extract with GC* - INTERVAL SIZE 10.[0m
	Compressed file information:
		Size of Tuples: 2
		Amount of levels: 17
Tamanho do símbolo inicial: 801
		Level: 17 - amount of rules: 3623.
		Level: 16 - amount of rules: 37049.
		Level: 15 - amount of rules: 50060.
		Level: 14 - amount of rules: 44249.
		Level: 13 - amount of rules: 34653.
		Level: 12 - amount of rules: 25783.
		Level: 11 - amount of rules: 18418.
		Level: 10 - amount of rules: 14270.
		Level: 9 - amount of rules: 12084.
		Level: 8 - amount of rules: 10817.
		Level: 7 - amount of rules: 9835.
		Level: 6 - amount of rules: 8755.
		Level: 5 - amount of rules: 7203.
		Level: 4 - amount of rules: 5161.
		Level: 3 - amount of rules: 3095.
		Level: 2 - amount of rules: 1599.
		Level: 1 - amount of rules: 801.
	The extracted strings was saved in: [32mreport/2025-08-12/extract/pseudo-real-dblp.xml.0001.1_result_extract_gc2_len10.txt[0m
malloc_count ### exiting, total: 47,632,080, peak: 1,807,271, current: 4,096
Time: 0.003230575000000(s)

		 [33m Checking if the response file is the same as the expected file [0m


			 [0;32m The files are the same. [0m

	Compressed file information:
		Size of Tuples: 4
		Amount of levels: 9
Tamanho do símbolo inicial: 401
		Level: 9 - amount of rules: 37049.
		Level: 8 - amount of rules: 44249.
		Level: 7 - amount of rules: 25783.
		Level: 6 - amount of rules: 14270.
		Level: 5 - amount of rules: 10817.
		Level: 4 - amount of rules: 8755.
		Level: 3 - amount of rules: 5161.
		Level: 2 - amount of rules: 1599.
		Level: 1 - amount of rules: 401.
	The extracted strings was saved in: [32mreport/2025-08-12/extract/pseudo-real-dblp.xml.0001.1_result_extract_gc4_len10.txt[0m
malloc_count ### exiting, total: 47,552,566, peak: 1,727,757, current: 4,096
Time: 0.002096714000000(s)

		 [33m Checking if the response file is the same as the expected file [0m


			 [0;32m The files are the same. [0m


[33m Generating expected responses for searched interval...[0m

	 [33mStarting extract with GCX - pseudo-real-dblp.xml.0001.1 - INTERVAL SIZE 100.[0m
	Using initial window of size 2 for LCP calculation.

[32mStarting to extract ...
[0m	Compressed file information:

		Amount of levels: 1
		Size initial partition: 2
		Initial symbol size: 52428801
		Level: 1 - amount of rules: 3623 - size of rules 2.
	The extracted strings was saved in: [32mreport/2025-08-12/extract/pseudo-real-dblp.xml.0001.1_100_substrings_results.txt[0m
malloc_count ### exiting, total: 223,449,356, peak: 177,624,547, current: 4,096
Time: 0.003065945000000(s)

		 [33m Checking if the response file is the same as the expected file [0m


			 [0;32m The files are the same. [0m


	 [33mStarting extract with GCX - pseudo-real-dblp.xml.0001.1 - INTERVAL SIZE 100.[0m
	Using initial window of size 4 for LCP calculation.

[32mStarting to extract ...
[0m	Compressed file information:

		Amount of levels: 2
		Size initial partition: 4
		Initial symbol size: 26214402
		Level: 2 - amount of rules: 3623 - size of rules 2.
		Level: 1 - amount of rules: 37050 - size of rules 2.
	The extracted strings was saved in: [32mreport/2025-08-12/extract/pseudo-real-dblp.xml.0001.1_100_substrings_results.txt[0m
malloc_count ### exiting, total: 131,819,428, peak: 85,994,619, current: 4,096
Time: 0.004448060000000(s)

		 [33m Checking if the response file is the same as the expected file [0m


			 [0;32m The files are the same. [0m


	 [33mStarting extract with GC* - INTERVAL SIZE 100.[0m
	Compressed file information:
		Size of Tuples: 2
		Amount of levels: 17
Tamanho do símbolo inicial: 801
		Level: 17 - amount of rules: 3623.
		Level: 16 - amount of rules: 37049.
		Level: 15 - amount of rules: 50060.
		Level: 14 - amount of rules: 44249.
		Level: 13 - amount of rules: 34653.
		Level: 12 - amount of rules: 25783.
		Level: 11 - amount of rules: 18418.
		Level: 10 - amount of rules: 14270.
		Level: 9 - amount of rules: 12084.
		Level: 8 - amount of rules: 10817.
		Level: 7 - amount of rules: 9835.
		Level: 6 - amount of rules: 8755.
		Level: 5 - amount of rules: 7203.
		Level: 4 - amount of rules: 5161.
		Level: 3 - amount of rules: 3095.
		Level: 2 - amount of rules: 1599.
		Level: 1 - amount of rules: 801.
	The extracted strings was saved in: [32mreport/2025-08-12/extract/pseudo-real-dblp.xml.0001.1_result_extract_gc2_len100.txt[0m
malloc_count ### exiting, total: 47,632,080, peak: 1,807,271, current: 4,096
Time: 0.007177625000000(s)

		 [33m Checking if the response file is the same as the expected file [0m


			 [0;32m The files are the same. [0m

	Compressed file information:
		Size of Tuples: 4
		Amount of levels: 9
Tamanho do símbolo inicial: 401
		Level: 9 - amount of rules: 37049.
		Level: 8 - amount of rules: 44249.
		Level: 7 - amount of rules: 25783.
		Level: 6 - amount of rules: 14270.
		Level: 5 - amount of rules: 10817.
		Level: 4 - amount of rules: 8755.
		Level: 3 - amount of rules: 5161.
		Level: 2 - amount of rules: 1599.
		Level: 1 - amount of rules: 401.
	The extracted strings was saved in: [32mreport/2025-08-12/extract/pseudo-real-dblp.xml.0001.1_result_extract_gc4_len100.txt[0m
malloc_count ### exiting, total: 47,552,566, peak: 1,727,757, current: 4,096
Time: 0.003507919000000(s)

		 [33m Checking if the response file is the same as the expected file [0m


			 [0;32m The files are the same. [0m


[33m Generating expected responses for searched interval...[0m

	 [33mStarting extract with GCX - pseudo-real-dblp.xml.0001.1 - INTERVAL SIZE 1000.[0m
	Using initial window of size 2 for LCP calculation.

[32mStarting to extract ...
[0m	Compressed file information:

		Amount of levels: 1
		Size initial partition: 2
		Initial symbol size: 52428801
		Level: 1 - amount of rules: 3623 - size of rules 2.
	The extracted strings was saved in: [32mreport/2025-08-12/extract/pseudo-real-dblp.xml.0001.1_1000_substrings_results.txt[0m
malloc_count ### exiting, total: 223,449,356, peak: 177,624,547, current: 4,096
Time: 0.016290196000000(s)

		 [33m Checking if the response file is the same as the expected file [0m


			 [0;32m The files are the same. [0m


	 [33mStarting extract with GCX - pseudo-real-dblp.xml.0001.1 - INTERVAL SIZE 1000.[0m
	Using initial window of size 4 for LCP calculation.

[32mStarting to extract ...
[0m	Compressed file information:

		Amount of levels: 2
		Size initial partition: 4
		Initial symbol size: 26214402
		Level: 2 - amount of rules: 3623 - size of rules 2.
		Level: 1 - amount of rules: 37050 - size of rules 2.
	The extracted strings was saved in: [32mreport/2025-08-12/extract/pseudo-real-dblp.xml.0001.1_1000_substrings_results.txt[0m
malloc_count ### exiting, total: 131,819,428, peak: 85,994,619, current: 4,096
Time: 0.027943052000000(s)

		 [33m Checking if the response file is the same as the expected file [0m


			 [0;32m The files are the same. [0m


	 [33mStarting extract with GC* - INTERVAL SIZE 1000.[0m
	Compressed file information:
		Size of Tuples: 2
		Amount of levels: 17
Tamanho do símbolo inicial: 801
		Level: 17 - amount of rules: 3623.
		Level: 16 - amount of rules: 37049.
		Level: 15 - amount of rules: 50060.
		Level: 14 - amount of rules: 44249.
		Level: 13 - amount of rules: 34653.
		Level: 12 - amount of rules: 25783.
		Level: 11 - amount of rules: 18418.
		Level: 10 - amount of rules: 14270.
		Level: 9 - amount of rules: 12084.
		Level: 8 - amount of rules: 10817.
		Level: 7 - amount of rules: 9835.
		Level: 6 - amount of rules: 8755.
		Level: 5 - amount of rules: 7203.
		Level: 4 - amount of rules: 5161.
		Level: 3 - amount of rules: 3095.
		Level: 2 - amount of rules: 1599.
		Level: 1 - amount of rules: 801.
	The extracted strings was saved in: [32mreport/2025-08-12/extract/pseudo-real-dblp.xml.0001.1_result_extract_gc2_len1000.txt[0m
malloc_count ### exiting, total: 47,632,080, peak: 1,807,271, current: 4,096
Time: 0.043306259000000(s)

		 [33m Checking if the response file is the same as the expected file [0m


			 [0;32m The files are the same. [0m

	Compressed file information:
		Size of Tuples: 4
		Amount of levels: 9
Tamanho do símbolo inicial: 401
		Level: 9 - amount of rules: 37049.
		Level: 8 - amount of rules: 44249.
		Level: 7 - amount of rules: 25783.
		Level: 6 - amount of rules: 14270.
		Level: 5 - amount of rules: 10817.
		Level: 4 - amount of rules: 8755.
		Level: 3 - amount of rules: 5161.
		Level: 2 - amount of rules: 1599.
		Level: 1 - amount of rules: 401.
	The extracted strings was saved in: [32mreport/2025-08-12/extract/pseudo-real-dblp.xml.0001.1_result_extract_gc4_len1000.txt[0m
malloc_count ### exiting, total: 47,552,566, peak: 1,727,757, current: 4,096
Time: 0.017601484000000(s)

		 [33m Checking if the response file is the same as the expected file [0m


			 [0;32m The files are the same. [0m


[33m Generating expected responses for searched interval...[0m

	 [33mStarting extract with GCX - pseudo-real-dblp.xml.0001.1 - INTERVAL SIZE 10000.[0m
	Using initial window of size 2 for LCP calculation.

[32mStarting to extract ...
[0m	Compressed file information:

		Amount of levels: 1
		Size initial partition: 2
		Initial symbol size: 52428801
		Level: 1 - amount of rules: 3623 - size of rules 2.
	The extracted strings was saved in: [32mreport/2025-08-12/extract/pseudo-real-dblp.xml.0001.1_10000_substrings_results.txt[0m
malloc_count ### exiting, total: 223,449,356, peak: 177,624,547, current: 4,096
Time: 0.141377838000000(s)

		 [33m Checking if the response file is the same as the expected file [0m


			 [0;32m The files are the same. [0m


	 [33mStarting extract with GCX - pseudo-real-dblp.xml.0001.1 - INTERVAL SIZE 10000.[0m
	Using initial window of size 4 for LCP calculation.

[32mStarting to extract ...
[0m	Compressed file information:

		Amount of levels: 2
		Size initial partition: 4
		Initial symbol size: 26214402
		Level: 2 - amount of rules: 3623 - size of rules 2.
		Level: 1 - amount of rules: 37050 - size of rules 2.
	The extracted strings was saved in: [32mreport/2025-08-12/extract/pseudo-real-dblp.xml.0001.1_10000_substrings_results.txt[0m
malloc_count ### exiting, total: 131,819,428, peak: 85,994,619, current: 4,096
Time: 0.258833663000000(s)

		 [33m Checking if the response file is the same as the expected file [0m


			 [0;32m The files are the same. [0m


	 [33mStarting extract with GC* - INTERVAL SIZE 10000.[0m
	Compressed file information:
		Size of Tuples: 2
		Amount of levels: 17
Tamanho do símbolo inicial: 801
		Level: 17 - amount of rules: 3623.
		Level: 16 - amount of rules: 37049.
		Level: 15 - amount of rules: 50060.
		Level: 14 - amount of rules: 44249.
		Level: 13 - amount of rules: 34653.
		Level: 12 - amount of rules: 25783.
		Level: 11 - amount of rules: 18418.
		Level: 10 - amount of rules: 14270.
		Level: 9 - amount of rules: 12084.
		Level: 8 - amount of rules: 10817.
		Level: 7 - amount of rules: 9835.
		Level: 6 - amount of rules: 8755.
		Level: 5 - amount of rules: 7203.
		Level: 4 - amount of rules: 5161.
		Level: 3 - amount of rules: 3095.
		Level: 2 - amount of rules: 1599.
		Level: 1 - amount of rules: 801.
	The extracted strings was saved in: [32mreport/2025-08-12/extract/pseudo-real-dblp.xml.0001.1_result_extract_gc2_len10000.txt[0m
malloc_count ### exiting, total: 47,632,080, peak: 1,807,271, current: 4,096
Time: 0.400897349000000(s)

		 [33m Checking if the response file is the same as the expected file [0m


			 [0;32m The files are the same. [0m

	Compressed file information:
		Size of Tuples: 4
		Amount of levels: 9
Tamanho do símbolo inicial: 401
		Level: 9 - amount of rules: 37049.
		Level: 8 - amount of rules: 44249.
		Level: 7 - amount of rules: 25783.
		Level: 6 - amount of rules: 14270.
		Level: 5 - amount of rules: 10817.
		Level: 4 - amount of rules: 8755.
		Level: 3 - amount of rules: 5161.
		Level: 2 - amount of rules: 1599.
		Level: 1 - amount of rules: 401.
	The extracted strings was saved in: [32mreport/2025-08-12/extract/pseudo-real-dblp.xml.0001.1_result_extract_gc4_len10000.txt[0m
malloc_count ### exiting, total: 47,552,566, peak: 1,727,757, current: 4,096
Time: 0.155547607000000(s)

		 [33m Checking if the response file is the same as the expected file [0m


			 [0;32m The files are the same. [0m


	[34mPreparing for extract operation on the pseudo-real-dblp.xml.0001.2 file. [0m


[33m Generating expected responses for searched interval...[0m

	 [33mStarting extract with GCX - pseudo-real-dblp.xml.0001.2 - INTERVAL SIZE 1.[0m
	Using initial window of size 2 for LCP calculation.

[32mStarting to extract ...
[0m	Compressed file information:

		Amount of levels: 1
		Size initial partition: 2
		Initial symbol size: 52428801
		Level: 1 - amount of rules: 3623 - size of rules 2.
	The extracted strings was saved in: [32mreport/2025-08-12/extract/pseudo-real-dblp.xml.0001.2_1_substrings_results.txt[0m
malloc_count ### exiting, total: 223,449,356, peak: 177,624,547, current: 4,096
Time: 0.001660175000000(s)

		 [33m Checking if the response file is the same as the expected file [0m


			 [0;32m The files are the same. [0m


	 [33mStarting extract with GCX - pseudo-real-dblp.xml.0001.2 - INTERVAL SIZE 1.[0m
	Using initial window of size 4 for LCP calculation.

[32mStarting to extract ...
[0m	Compressed file information:

		Amount of levels: 2
		Size initial partition: 4
		Initial symbol size: 26214402
		Level: 2 - amount of rules: 3623 - size of rules 2.
		Level: 1 - amount of rules: 37095 - size of rules 2.
	The extracted strings was saved in: [32mreport/2025-08-12/extract/pseudo-real-dblp.xml.0001.2_1_substrings_results.txt[0m
malloc_count ### exiting, total: 131,819,572, peak: 85,994,763, current: 4,096
Time: 0.001532336000000(s)

		 [33m Checking if the response file is the same as the expected file [0m


			 [0;32m The files are the same. [0m


	 [33mStarting extract with GC* - INTERVAL SIZE 1.[0m
	Compressed file information:
		Size of Tuples: 2
		Amount of levels: 17
Tamanho do símbolo inicial: 801
		Level: 17 - amount of rules: 3623.
		Level: 16 - amount of rules: 37094.
		Level: 15 - amount of rules: 50081.
		Level: 14 - amount of rules: 44263.
		Level: 13 - amount of rules: 34662.
		Level: 12 - amount of rules: 25785.
		Level: 11 - amount of rules: 18421.
		Level: 10 - amount of rules: 14274.
		Level: 9 - amount of rules: 12092.
		Level: 8 - amount of rules: 10824.
		Level: 7 - amount of rules: 9843.
		Level: 6 - amount of rules: 8757.
		Level: 5 - amount of rules: 7201.
		Level: 4 - amount of rules: 5161.
		Level: 3 - amount of rules: 3095.
		Level: 2 - amount of rules: 1600.
		Level: 1 - amount of rules: 801.
	The extracted strings was saved in: [32mreport/2025-08-12/extract/pseudo-real-dblp.xml.0001.2_result_extract_gc2_len1.txt[0m
malloc_count ### exiting, total: 47,632,528, peak: 1,807,719, current: 4,096
Time: 0.002697019000000(s)

		 [33m Checking if the response file is the same as the expected file [0m


			 [0;32m The files are the same. [0m

	Compressed file information:
		Size of Tuples: 4
		Amount of levels: 9
Tamanho do símbolo inicial: 401
		Level: 9 - amount of rules: 37094.
		Level: 8 - amount of rules: 44263.
		Level: 7 - amount of rules: 25785.
		Level: 6 - amount of rules: 14274.
		Level: 5 - amount of rules: 10824.
		Level: 4 - amount of rules: 8757.
		Level: 3 - amount of rules: 5161.
		Level: 2 - amount of rules: 1600.
		Level: 1 - amount of rules: 401.
	The extracted strings was saved in: [32mreport/2025-08-12/extract/pseudo-real-dblp.xml.0001.2_result_extract_gc4_len1.txt[0m
malloc_count ### exiting, total: 47,552,994, peak: 1,728,185, current: 4,096
Time: 0.001908377000000(s)

		 [33m Checking if the response file is the same as the expected file [0m


			 [0;32m The files are the same. [0m


[33m Generating expected responses for searched interval...[0m

	 [33mStarting extract with GCX - pseudo-real-dblp.xml.0001.2 - INTERVAL SIZE 10.[0m
	Using initial window of size 2 for LCP calculation.

[32mStarting to extract ...
[0m	Compressed file information:

		Amount of levels: 1
		Size initial partition: 2
		Initial symbol size: 52428801
		Level: 1 - amount of rules: 3623 - size of rules 2.
	The extracted strings was saved in: [32mreport/2025-08-12/extract/pseudo-real-dblp.xml.0001.2_10_substrings_results.txt[0m
malloc_count ### exiting, total: 223,449,356, peak: 177,624,547, current: 4,096
Time: 0.001744049000000(s)

		 [33m Checking if the response file is the same as the expected file [0m


			 [0;32m The files are the same. [0m


	 [33mStarting extract with GCX - pseudo-real-dblp.xml.0001.2 - INTERVAL SIZE 10.[0m
	Using initial window of size 4 for LCP calculation.

[32mStarting to extract ...
[0m	Compressed file information:

		Amount of levels: 2
		Size initial partition: 4
		Initial symbol size: 26214402
		Level: 2 - amount of rules: 3623 - size of rules 2.
		Level: 1 - amount of rules: 37095 - size of rules 2.
	The extracted strings was saved in: [32mreport/2025-08-12/extract/pseudo-real-dblp.xml.0001.2_10_substrings_results.txt[0m
malloc_count ### exiting, total: 131,819,572, peak: 85,994,763, current: 4,096
Time: 0.001708974000000(s)

		 [33m Checking if the response file is the same as the expected file [0m


			 [0;32m The files are the same. [0m


	 [33mStarting extract with GC* - INTERVAL SIZE 10.[0m
	Compressed file information:
		Size of Tuples: 2
		Amount of levels: 17
Tamanho do símbolo inicial: 801
		Level: 17 - amount of rules: 3623.
		Level: 16 - amount of rules: 37094.
		Level: 15 - amount of rules: 50081.
		Level: 14 - amount of rules: 44263.
		Level: 13 - amount of rules: 34662.
		Level: 12 - amount of rules: 25785.
		Level: 11 - amount of rules: 18421.
		Level: 10 - amount of rules: 14274.
		Level: 9 - amount of rules: 12092.
		Level: 8 - amount of rules: 10824.
		Level: 7 - amount of rules: 9843.
		Level: 6 - amount of rules: 8757.
		Level: 5 - amount of rules: 7201.
		Level: 4 - amount of rules: 5161.
		Level: 3 - amount of rules: 3095.
		Level: 2 - amount of rules: 1600.
		Level: 1 - amount of rules: 801.
	The extracted strings was saved in: [32mreport/2025-08-12/extract/pseudo-real-dblp.xml.0001.2_result_extract_gc2_len10.txt[0m
malloc_count ### exiting, total: 47,632,528, peak: 1,807,719, current: 4,096
Time: 0.003284312000000(s)

		 [33m Checking if the response file is the same as the expected file [0m


			 [0;32m The files are the same. [0m

	Compressed file information:
		Size of Tuples: 4
		Amount of levels: 9
Tamanho do símbolo inicial: 401
		Level: 9 - amount of rules: 37094.
		Level: 8 - amount of rules: 44263.
		Level: 7 - amount of rules: 25785.
		Level: 6 - amount of rules: 14274.
		Level: 5 - amount of rules: 10824.
		Level: 4 - amount of rules: 8757.
		Level: 3 - amount of rules: 5161.
		Level: 2 - amount of rules: 1600.
		Level: 1 - amount of rules: 401.
	The extracted strings was saved in: [32mreport/2025-08-12/extract/pseudo-real-dblp.xml.0001.2_result_extract_gc4_len10.txt[0m
malloc_count ### exiting, total: 47,552,994, peak: 1,728,185, current: 4,096
Time: 0.002073555000000(s)

		 [33m Checking if the response file is the same as the expected file [0m


			 [0;32m The files are the same. [0m


[33m Generating expected responses for searched interval...[0m

	 [33mStarting extract with GCX - pseudo-real-dblp.xml.0001.2 - INTERVAL SIZE 100.[0m
	Using initial window of size 2 for LCP calculation.

[32mStarting to extract ...
[0m	Compressed file information:

		Amount of levels: 1
		Size initial partition: 2
		Initial symbol size: 52428801
		Level: 1 - amount of rules: 3623 - size of rules 2.
	The extracted strings was saved in: [32mreport/2025-08-12/extract/pseudo-real-dblp.xml.0001.2_100_substrings_results.txt[0m
malloc_count ### exiting, total: 223,449,356, peak: 177,624,547, current: 4,096
Time: 0.003055955000000(s)

		 [33m Checking if the response file is the same as the expected file [0m


			 [0;32m The files are the same. [0m


	 [33mStarting extract with GCX - pseudo-real-dblp.xml.0001.2 - INTERVAL SIZE 100.[0m
	Using initial window of size 4 for LCP calculation.

[32mStarting to extract ...
[0m	Compressed file information:

		Amount of levels: 2
		Size initial partition: 4
		Initial symbol size: 26214402
		Level: 2 - amount of rules: 3623 - size of rules 2.
		Level: 1 - amount of rules: 37095 - size of rules 2.
	The extracted strings was saved in: [32mreport/2025-08-12/extract/pseudo-real-dblp.xml.0001.2_100_substrings_results.txt[0m
malloc_count ### exiting, total: 131,819,572, peak: 85,994,763, current: 4,096
Time: 0.004524984000000(s)

		 [33m Checking if the response file is the same as the expected file [0m


			 [0;32m The files are the same. [0m


	 [33mStarting extract with GC* - INTERVAL SIZE 100.[0m
	Compressed file information:
		Size of Tuples: 2
		Amount of levels: 17
Tamanho do símbolo inicial: 801
		Level: 17 - amount of rules: 3623.
		Level: 16 - amount of rules: 37094.
		Level: 15 - amount of rules: 50081.
		Level: 14 - amount of rules: 44263.
		Level: 13 - amount of rules: 34662.
		Level: 12 - amount of rules: 25785.
		Level: 11 - amount of rules: 18421.
		Level: 10 - amount of rules: 14274.
		Level: 9 - amount of rules: 12092.
		Level: 8 - amount of rules: 10824.
		Level: 7 - amount of rules: 9843.
		Level: 6 - amount of rules: 8757.
		Level: 5 - amount of rules: 7201.
		Level: 4 - amount of rules: 5161.
		Level: 3 - amount of rules: 3095.
		Level: 2 - amount of rules: 1600.
		Level: 1 - amount of rules: 801.
	The extracted strings was saved in: [32mreport/2025-08-12/extract/pseudo-real-dblp.xml.0001.2_result_extract_gc2_len100.txt[0m
malloc_count ### exiting, total: 47,632,528, peak: 1,807,719, current: 4,096
Time: 0.007149690000000(s)

		 [33m Checking if the response file is the same as the expected file [0m


			 [0;32m The files are the same. [0m

	Compressed file information:
		Size of Tuples: 4
		Amount of levels: 9
Tamanho do símbolo inicial: 401
		Level: 9 - amount of rules: 37094.
		Level: 8 - amount of rules: 44263.
		Level: 7 - amount of rules: 25785.
		Level: 6 - amount of rules: 14274.
		Level: 5 - amount of rules: 10824.
		Level: 4 - amount of rules: 8757.
		Level: 3 - amount of rules: 5161.
		Level: 2 - amount of rules: 1600.
		Level: 1 - amount of rules: 401.
	The extracted strings was saved in: [32mreport/2025-08-12/extract/pseudo-real-dblp.xml.0001.2_result_extract_gc4_len100.txt[0m
malloc_count ### exiting, total: 47,552,994, peak: 1,728,185, current: 4,096
Time: 0.003690581000000(s)

		 [33m Checking if the response file is the same as the expected file [0m


			 [0;32m The files are the same. [0m


[33m Generating expected responses for searched interval...[0m

	 [33mStarting extract with GCX - pseudo-real-dblp.xml.0001.2 - INTERVAL SIZE 1000.[0m
	Using initial window of size 2 for LCP calculation.

[32mStarting to extract ...
[0m	Compressed file information:

		Amount of levels: 1
		Size initial partition: 2
		Initial symbol size: 52428801
		Level: 1 - amount of rules: 3623 - size of rules 2.
	The extracted strings was saved in: [32mreport/2025-08-12/extract/pseudo-real-dblp.xml.0001.2_1000_substrings_results.txt[0m
malloc_count ### exiting, total: 223,449,356, peak: 177,624,547, current: 4,096
Time: 0.016498639000000(s)

		 [33m Checking if the response file is the same as the expected file [0m


			 [0;32m The files are the same. [0m


	 [33mStarting extract with GCX - pseudo-real-dblp.xml.0001.2 - INTERVAL SIZE 1000.[0m
	Using initial window of size 4 for LCP calculation.

[32mStarting to extract ...
[0m	Compressed file information:

		Amount of levels: 2
		Size initial partition: 4
		Initial symbol size: 26214402
		Level: 2 - amount of rules: 3623 - size of rules 2.
		Level: 1 - amount of rules: 37095 - size of rules 2.
	The extracted strings was saved in: [32mreport/2025-08-12/extract/pseudo-real-dblp.xml.0001.2_1000_substrings_results.txt[0m
malloc_count ### exiting, total: 131,819,572, peak: 85,994,763, current: 4,096
Time: 0.027758857000000(s)

		 [33m Checking if the response file is the same as the expected file [0m


			 [0;32m The files are the same. [0m


	 [33mStarting extract with GC* - INTERVAL SIZE 1000.[0m
	Compressed file information:
		Size of Tuples: 2
		Amount of levels: 17
Tamanho do símbolo inicial: 801
		Level: 17 - amount of rules: 3623.
		Level: 16 - amount of rules: 37094.
		Level: 15 - amount of rules: 50081.
		Level: 14 - amount of rules: 44263.
		Level: 13 - amount of rules: 34662.
		Level: 12 - amount of rules: 25785.
		Level: 11 - amount of rules: 18421.
		Level: 10 - amount of rules: 14274.
		Level: 9 - amount of rules: 12092.
		Level: 8 - amount of rules: 10824.
		Level: 7 - amount of rules: 9843.
		Level: 6 - amount of rules: 8757.
		Level: 5 - amount of rules: 7201.
		Level: 4 - amount of rules: 5161.
		Level: 3 - amount of rules: 3095.
		Level: 2 - amount of rules: 1600.
		Level: 1 - amount of rules: 801.
	The extracted strings was saved in: [32mreport/2025-08-12/extract/pseudo-real-dblp.xml.0001.2_result_extract_gc2_len1000.txt[0m
malloc_count ### exiting, total: 47,632,528, peak: 1,807,719, current: 4,096
Time: 0.043228810000000(s)

		 [33m Checking if the response file is the same as the expected file [0m


			 [0;32m The files are the same. [0m

	Compressed file information:
		Size of Tuples: 4
		Amount of levels: 9
Tamanho do símbolo inicial: 401
		Level: 9 - amount of rules: 37094.
		Level: 8 - amount of rules: 44263.
		Level: 7 - amount of rules: 25785.
		Level: 6 - amount of rules: 14274.
		Level: 5 - amount of rules: 10824.
		Level: 4 - amount of rules: 8757.
		Level: 3 - amount of rules: 5161.
		Level: 2 - amount of rules: 1600.
		Level: 1 - amount of rules: 401.
	The extracted strings was saved in: [32mreport/2025-08-12/extract/pseudo-real-dblp.xml.0001.2_result_extract_gc4_len1000.txt[0m
malloc_count ### exiting, total: 47,552,994, peak: 1,728,185, current: 4,096
Time: 0.017638971000000(s)

		 [33m Checking if the response file is the same as the expected file [0m


			 [0;32m The files are the same. [0m


[33m Generating expected responses for searched interval...[0m

	 [33mStarting extract with GCX - pseudo-real-dblp.xml.0001.2 - INTERVAL SIZE 10000.[0m
	Using initial window of size 2 for LCP calculation.

[32mStarting to extract ...
[0m	Compressed file information:

		Amount of levels: 1
		Size initial partition: 2
		Initial symbol size: 52428801
		Level: 1 - amount of rules: 3623 - size of rules 2.
	The extracted strings was saved in: [32mreport/2025-08-12/extract/pseudo-real-dblp.xml.0001.2_10000_substrings_results.txt[0m
malloc_count ### exiting, total: 223,449,356, peak: 177,624,547, current: 4,096
Time: 0.141412702000000(s)

		 [33m Checking if the response file is the same as the expected file [0m


			 [0;32m The files are the same. [0m


	 [33mStarting extract with GCX - pseudo-real-dblp.xml.0001.2 - INTERVAL SIZE 10000.[0m
	Using initial window of size 4 for LCP calculation.

[32mStarting to extract ...
[0m	Compressed file information:

		Amount of levels: 2
		Size initial partition: 4
		Initial symbol size: 26214402
		Level: 2 - amount of rules: 3623 - size of rules 2.
		Level: 1 - amount of rules: 37095 - size of rules 2.
	The extracted strings was saved in: [32mreport/2025-08-12/extract/pseudo-real-dblp.xml.0001.2_10000_substrings_results.txt[0m
malloc_count ### exiting, total: 131,819,572, peak: 85,994,763, current: 4,096
Time: 0.257106515000000(s)

		 [33m Checking if the response file is the same as the expected file [0m


			 [0;32m The files are the same. [0m


	 [33mStarting extract with GC* - INTERVAL SIZE 10000.[0m
	Compressed file information:
		Size of Tuples: 2
		Amount of levels: 17
Tamanho do símbolo inicial: 801
		Level: 17 - amount of rules: 3623.
		Level: 16 - amount of rules: 37094.
		Level: 15 - amount of rules: 50081.
		Level: 14 - amount of rules: 44263.
		Level: 13 - amount of rules: 34662.
		Level: 12 - amount of rules: 25785.
		Level: 11 - amount of rules: 18421.
		Level: 10 - amount of rules: 14274.
		Level: 9 - amount of rules: 12092.
		Level: 8 - amount of rules: 10824.
		Level: 7 - amount of rules: 9843.
		Level: 6 - amount of rules: 8757.
		Level: 5 - amount of rules: 7201.
		Level: 4 - amount of rules: 5161.
		Level: 3 - amount of rules: 3095.
		Level: 2 - amount of rules: 1600.
		Level: 1 - amount of rules: 801.
	The extracted strings was saved in: [32mreport/2025-08-12/extract/pseudo-real-dblp.xml.0001.2_result_extract_gc2_len10000.txt[0m
malloc_count ### exiting, total: 47,632,528, peak: 1,807,719, current: 4,096
Time: 0.405318479000000(s)

		 [33m Checking if the response file is the same as the expected file [0m


			 [0;32m The files are the same. [0m

	Compressed file information:
		Size of Tuples: 4
		Amount of levels: 9
Tamanho do símbolo inicial: 401
		Level: 9 - amount of rules: 37094.
		Level: 8 - amount of rules: 44263.
		Level: 7 - amount of rules: 25785.
		Level: 6 - amount of rules: 14274.
		Level: 5 - amount of rules: 10824.
		Level: 4 - amount of rules: 8757.
		Level: 3 - amount of rules: 5161.
		Level: 2 - amount of rules: 1600.
		Level: 1 - amount of rules: 401.
	The extracted strings was saved in: [32mreport/2025-08-12/extract/pseudo-real-dblp.xml.0001.2_result_extract_gc4_len10000.txt[0m
malloc_count ### exiting, total: 47,552,994, peak: 1,728,185, current: 4,096
Time: 0.155847396000000(s)

		 [33m Checking if the response file is the same as the expected file [0m


			 [0;32m The files are the same. [0m


	[34mPreparing for extract operation on the pseudo-real-dblp.xml.00001.1 file. [0m


[33m Generating expected responses for searched interval...[0m

	 [33mStarting extract with GCX - pseudo-real-dblp.xml.00001.1 - INTERVAL SIZE 1.[0m
	Using initial window of size 2 for LCP calculation.

[32mStarting to extract ...
[0m	Compressed file information:

		Amount of levels: 1
		Size initial partition: 2
		Initial symbol size: 52428801
		Level: 1 - amount of rules: 2936 - size of rules 2.
	The extracted strings was saved in: [32mreport/2025-08-12/extract/pseudo-real-dblp.xml.00001.1_1_substrings_results.txt[0m
malloc_count ### exiting, total: 223,447,982, peak: 177,623,173, current: 4,096
Time: 0.001634294000000(s)

		 [33m Checking if the response file is the same as the expected file [0m


			 [0;32m The files are the same. [0m


	 [33mStarting extract with GCX - pseudo-real-dblp.xml.00001.1 - INTERVAL SIZE 1.[0m
	Using initial window of size 4 for LCP calculation.

[32mStarting to extract ...
[0m	Compressed file information:

		Amount of levels: 2
		Size initial partition: 4
		Initial symbol size: 26214402
		Level: 2 - amount of rules: 2936 - size of rules 2.
		Level: 1 - amount of rules: 29542 - size of rules 2.
	The extracted strings was saved in: [32mreport/2025-08-12/extract/pseudo-real-dblp.xml.00001.1_1_substrings_results.txt[0m
malloc_count ### exiting, total: 131,793,654, peak: 85,968,845, current: 4,096
Time: 0.001495556000000(s)

		 [33m Checking if the response file is the same as the expected file [0m


			 [0;32m The files are the same. [0m


	 [33mStarting extract with GC* - INTERVAL SIZE 1.[0m
	Compressed file information:
		Size of Tuples: 2
		Amount of levels: 19
Tamanho do símbolo inicial: 201
		Level: 19 - amount of rules: 2936.
		Level: 18 - amount of rules: 29541.
		Level: 17 - amount of rules: 41110.
		Level: 16 - amount of rules: 35042.
		Level: 15 - amount of rules: 25383.
		Level: 14 - amount of rules: 16515.
		Level: 13 - amount of rules: 9178.
		Level: 12 - amount of rules: 5086.
		Level: 11 - amount of rules: 3038.
		Level: 10 - amount of rules: 2012.
		Level: 9 - amount of rules: 1493.
		Level: 8 - amount of rules: 1232.
		Level: 7 - amount of rules: 1088.
		Level: 6 - amount of rules: 984.
		Level: 5 - amount of rules: 897.
		Level: 4 - amount of rules: 768.
		Level: 3 - amount of rules: 587.
		Level: 2 - amount of rules: 376.
		Level: 1 - amount of rules: 201.
	The extracted strings was saved in: [32mreport/2025-08-12/extract/pseudo-real-dblp.xml.00001.1_result_extract_gc2_len1.txt[0m
malloc_count ### exiting, total: 47,180,426, peak: 1,355,617, current: 4,096
Time: 0.002509309000000(s)

		 [33m Checking if the response file is the same as the expected file [0m


			 [0;32m The files are the same. [0m

	Compressed file information:
		Size of Tuples: 4
		Amount of levels: 10
Tamanho do símbolo inicial: 101
		Level: 10 - amount of rules: 29541.
		Level: 9 - amount of rules: 35042.
		Level: 8 - amount of rules: 16515.
		Level: 7 - amount of rules: 5086.
		Level: 6 - amount of rules: 2012.
		Level: 5 - amount of rules: 1232.
		Level: 4 - amount of rules: 984.
		Level: 3 - amount of rules: 768.
		Level: 2 - amount of rules: 376.
		Level: 1 - amount of rules: 101.
	The extracted strings was saved in: [32mreport/2025-08-12/extract/pseudo-real-dblp.xml.00001.1_result_extract_gc4_len1.txt[0m
malloc_count ### exiting, total: 47,109,266, peak: 1,284,457, current: 4,096
Time: 0.001572727000000(s)

		 [33m Checking if the response file is the same as the expected file [0m


			 [0;32m The files are the same. [0m


[33m Generating expected responses for searched interval...[0m

	 [33mStarting extract with GCX - pseudo-real-dblp.xml.00001.1 - INTERVAL SIZE 10.[0m
	Using initial window of size 2 for LCP calculation.

[32mStarting to extract ...
[0m	Compressed file information:

		Amount of levels: 1
		Size initial partition: 2
		Initial symbol size: 52428801
		Level: 1 - amount of rules: 2936 - size of rules 2.
	The extracted strings was saved in: [32mreport/2025-08-12/extract/pseudo-real-dblp.xml.00001.1_10_substrings_results.txt[0m
malloc_count ### exiting, total: 223,447,982, peak: 177,623,173, current: 4,096
Time: 0.001794158000000(s)

		 [33m Checking if the response file is the same as the expected file [0m


			 [0;32m The files are the same. [0m


	 [33mStarting extract with GCX - pseudo-real-dblp.xml.00001.1 - INTERVAL SIZE 10.[0m
	Using initial window of size 4 for LCP calculation.

[32mStarting to extract ...
[0m	Compressed file information:

		Amount of levels: 2
		Size initial partition: 4
		Initial symbol size: 26214402
		Level: 2 - amount of rules: 2936 - size of rules 2.
		Level: 1 - amount of rules: 29542 - size of rules 2.
	The extracted strings was saved in: [32mreport/2025-08-12/extract/pseudo-real-dblp.xml.00001.1_10_substrings_results.txt[0m
malloc_count ### exiting, total: 131,793,654, peak: 85,968,845, current: 4,096
Time: 0.001821601000000(s)

		 [33m Checking if the response file is the same as the expected file [0m


			 [0;32m The files are the same. [0m


	 [33mStarting extract with GC* - INTERVAL SIZE 10.[0m
	Compressed file information:
		Size of Tuples: 2
		Amount of levels: 19
Tamanho do símbolo inicial: 201
		Level: 19 - amount of rules: 2936.
		Level: 18 - amount of rules: 29541.
		Level: 17 - amount of rules: 41110.
		Level: 16 - amount of rules: 35042.
		Level: 15 - amount of rules: 25383.
		Level: 14 - amount of rules: 16515.
		Level: 13 - amount of rules: 9178.
		Level: 12 - amount of rules: 5086.
		Level: 11 - amount of rules: 3038.
		Level: 10 - amount of rules: 2012.
		Level: 9 - amount of rules: 1493.
		Level: 8 - amount of rules: 1232.
		Level: 7 - amount of rules: 1088.
		Level: 6 - amount of rules: 984.
		Level: 5 - amount of rules: 897.
		Level: 4 - amount of rules: 768.
		Level: 3 - amount of rules: 587.
		Level: 2 - amount of rules: 376.
		Level: 1 - amount of rules: 201.
	The extracted strings was saved in: [32mreport/2025-08-12/extract/pseudo-real-dblp.xml.00001.1_result_extract_gc2_len10.txt[0m
malloc_count ### exiting, total: 47,180,426, peak: 1,355,617, current: 4,096
Time: 0.002982469000000(s)

		 [33m Checking if the response file is the same as the expected file [0m


			 [0;32m The files are the same. [0m

	Compressed file information:
		Size of Tuples: 4
		Amount of levels: 10
Tamanho do símbolo inicial: 101
		Level: 10 - amount of rules: 29541.
		Level: 9 - amount of rules: 35042.
		Level: 8 - amount of rules: 16515.
		Level: 7 - amount of rules: 5086.
		Level: 6 - amount of rules: 2012.
		Level: 5 - amount of rules: 1232.
		Level: 4 - amount of rules: 984.
		Level: 3 - amount of rules: 768.
		Level: 2 - amount of rules: 376.
		Level: 1 - amount of rules: 101.
	The extracted strings was saved in: [32mreport/2025-08-12/extract/pseudo-real-dblp.xml.00001.1_result_extract_gc4_len10.txt[0m
malloc_count ### exiting, total: 47,109,266, peak: 1,284,457, current: 4,096
Time: 0.001853365000000(s)

		 [33m Checking if the response file is the same as the expected file [0m


			 [0;32m The files are the same. [0m


[33m Generating expected responses for searched interval...[0m

	 [33mStarting extract with GCX - pseudo-real-dblp.xml.00001.1 - INTERVAL SIZE 100.[0m
	Using initial window of size 2 for LCP calculation.

[32mStarting to extract ...
[0m	Compressed file information:

		Amount of levels: 1
		Size initial partition: 2
		Initial symbol size: 52428801
		Level: 1 - amount of rules: 2936 - size of rules 2.
	The extracted strings was saved in: [32mreport/2025-08-12/extract/pseudo-real-dblp.xml.00001.1_100_substrings_results.txt[0m
malloc_count ### exiting, total: 223,447,982, peak: 177,623,173, current: 4,096
Time: 0.003215048000000(s)

		 [33m Checking if the response file is the same as the expected file [0m


			 [0;32m The files are the same. [0m


	 [33mStarting extract with GCX - pseudo-real-dblp.xml.00001.1 - INTERVAL SIZE 100.[0m
	Using initial window of size 4 for LCP calculation.

[32mStarting to extract ...
[0m	Compressed file information:

		Amount of levels: 2
		Size initial partition: 4
		Initial symbol size: 26214402
		Level: 2 - amount of rules: 2936 - size of rules 2.
		Level: 1 - amount of rules: 29542 - size of rules 2.
	The extracted strings was saved in: [32mreport/2025-08-12/extract/pseudo-real-dblp.xml.00001.1_100_substrings_results.txt[0m
malloc_count ### exiting, total: 131,793,654, peak: 85,968,845, current: 4,096
Time: 0.004485704000000(s)

		 [33m Checking if the response file is the same as the expected file [0m


			 [0;32m The files are the same. [0m


	 [33mStarting extract with GC* - INTERVAL SIZE 100.[0m
	Compressed file information:
		Size of Tuples: 2
		Amount of levels: 19
Tamanho do símbolo inicial: 201
		Level: 19 - amount of rules: 2936.
		Level: 18 - amount of rules: 29541.
		Level: 17 - amount of rules: 41110.
		Level: 16 - amount of rules: 35042.
		Level: 15 - amount of rules: 25383.
		Level: 14 - amount of rules: 16515.
		Level: 13 - amount of rules: 9178.
		Level: 12 - amount of rules: 5086.
		Level: 11 - amount of rules: 3038.
		Level: 10 - amount of rules: 2012.
		Level: 9 - amount of rules: 1493.
		Level: 8 - amount of rules: 1232.
		Level: 7 - amount of rules: 1088.
		Level: 6 - amount of rules: 984.
		Level: 5 - amount of rules: 897.
		Level: 4 - amount of rules: 768.
		Level: 3 - amount of rules: 587.
		Level: 2 - amount of rules: 376.
		Level: 1 - amount of rules: 201.
	The extracted strings was saved in: [32mreport/2025-08-12/extract/pseudo-real-dblp.xml.00001.1_result_extract_gc2_len100.txt[0m
malloc_count ### exiting, total: 47,180,426, peak: 1,355,617, current: 4,096
Time: 0.006431151000000(s)

		 [33m Checking if the response file is the same as the expected file [0m


			 [0;32m The files are the same. [0m

	Compressed file information:
		Size of Tuples: 4
		Amount of levels: 10
Tamanho do símbolo inicial: 101
		Level: 10 - amount of rules: 29541.
		Level: 9 - amount of rules: 35042.
		Level: 8 - amount of rules: 16515.
		Level: 7 - amount of rules: 5086.
		Level: 6 - amount of rules: 2012.
		Level: 5 - amount of rules: 1232.
		Level: 4 - amount of rules: 984.
		Level: 3 - amount of rules: 768.
		Level: 2 - amount of rules: 376.
		Level: 1 - amount of rules: 101.
	The extracted strings was saved in: [32mreport/2025-08-12/extract/pseudo-real-dblp.xml.00001.1_result_extract_gc4_len100.txt[0m
malloc_count ### exiting, total: 47,109,266, peak: 1,284,457, current: 4,096
Time: 0.003081109000000(s)

		 [33m Checking if the response file is the same as the expected file [0m


			 [0;32m The files are the same. [0m


[33m Generating expected responses for searched interval...[0m

	 [33mStarting extract with GCX - pseudo-real-dblp.xml.00001.1 - INTERVAL SIZE 1000.[0m
	Using initial window of size 2 for LCP calculation.

[32mStarting to extract ...
[0m	Compressed file information:

		Amount of levels: 1
		Size initial partition: 2
		Initial symbol size: 52428801
		Level: 1 - amount of rules: 2936 - size of rules 2.
	The extracted strings was saved in: [32mreport/2025-08-12/extract/pseudo-real-dblp.xml.00001.1_1000_substrings_results.txt[0m
malloc_count ### exiting, total: 223,447,982, peak: 177,623,173, current: 4,096
Time: 0.016356706000000(s)

		 [33m Checking if the response file is the same as the expected file [0m


			 [0;32m The files are the same. [0m


	 [33mStarting extract with GCX - pseudo-real-dblp.xml.00001.1 - INTERVAL SIZE 1000.[0m
	Using initial window of size 4 for LCP calculation.

[32mStarting to extract ...
[0m	Compressed file information:

		Amount of levels: 2
		Size initial partition: 4
		Initial symbol size: 26214402
		Level: 2 - amount of rules: 2936 - size of rules 2.
		Level: 1 - amount of rules: 29542 - size of rules 2.
	The extracted strings was saved in: [32mreport/2025-08-12/extract/pseudo-real-dblp.xml.00001.1_1000_substrings_results.txt[0m
malloc_count ### exiting, total: 131,793,654, peak: 85,968,845, current: 4,096
Time: 0.027859669000000(s)

		 [33m Checking if the response file is the same as the expected file [0m


			 [0;32m The files are the same. [0m


	 [33mStarting extract with GC* - INTERVAL SIZE 1000.[0m
	Compressed file information:
		Size of Tuples: 2
		Amount of levels: 19
Tamanho do símbolo inicial: 201
		Level: 19 - amount of rules: 2936.
		Level: 18 - amount of rules: 29541.
		Level: 17 - amount of rules: 41110.
		Level: 16 - amount of rules: 35042.
		Level: 15 - amount of rules: 25383.
		Level: 14 - amount of rules: 16515.
		Level: 13 - amount of rules: 9178.
		Level: 12 - amount of rules: 5086.
		Level: 11 - amount of rules: 3038.
		Level: 10 - amount of rules: 2012.
		Level: 9 - amount of rules: 1493.
		Level: 8 - amount of rules: 1232.
		Level: 7 - amount of rules: 1088.
		Level: 6 - amount of rules: 984.
		Level: 5 - amount of rules: 897.
		Level: 4 - amount of rules: 768.
		Level: 3 - amount of rules: 587.
		Level: 2 - amount of rules: 376.
		Level: 1 - amount of rules: 201.
	The extracted strings was saved in: [32mreport/2025-08-12/extract/pseudo-real-dblp.xml.00001.1_result_extract_gc2_len1000.txt[0m
malloc_count ### exiting, total: 47,180,426, peak: 1,355,617, current: 4,096
Time: 0.039454490000000(s)

		 [33m Checking if the response file is the same as the expected file [0m


			 [0;32m The files are the same. [0m

	Compressed file information:
		Size of Tuples: 4
		Amount of levels: 10
Tamanho do símbolo inicial: 101
		Level: 10 - amount of rules: 29541.
		Level: 9 - amount of rules: 35042.
		Level: 8 - amount of rules: 16515.
		Level: 7 - amount of rules: 5086.
		Level: 6 - amount of rules: 2012.
		Level: 5 - amount of rules: 1232.
		Level: 4 - amount of rules: 984.
		Level: 3 - amount of rules: 768.
		Level: 2 - amount of rules: 376.
		Level: 1 - amount of rules: 101.
	The extracted strings was saved in: [32mreport/2025-08-12/extract/pseudo-real-dblp.xml.00001.1_result_extract_gc4_len1000.txt[0m
malloc_count ### exiting, total: 47,109,266, peak: 1,284,457, current: 4,096
Time: 0.014785985000000(s)

		 [33m Checking if the response file is the same as the expected file [0m


			 [0;32m The files are the same. [0m


[33m Generating expected responses for searched interval...[0m

	 [33mStarting extract with GCX - pseudo-real-dblp.xml.00001.1 - INTERVAL SIZE 10000.[0m
	Using initial window of size 2 for LCP calculation.

[32mStarting to extract ...
[0m	Compressed file information:

		Amount of levels: 1
		Size initial partition: 2
		Initial symbol size: 52428801
		Level: 1 - amount of rules: 2936 - size of rules 2.
	The extracted strings was saved in: [32mreport/2025-08-12/extract/pseudo-real-dblp.xml.00001.1_10000_substrings_results.txt[0m
malloc_count ### exiting, total: 223,447,982, peak: 177,623,173, current: 4,096
Time: 0.141430182000000(s)

		 [33m Checking if the response file is the same as the expected file [0m


			 [0;32m The files are the same. [0m


	 [33mStarting extract with GCX - pseudo-real-dblp.xml.00001.1 - INTERVAL SIZE 10000.[0m
	Using initial window of size 4 for LCP calculation.

[32mStarting to extract ...
[0m	Compressed file information:

		Amount of levels: 2
		Size initial partition: 4
		Initial symbol size: 26214402
		Level: 2 - amount of rules: 2936 - size of rules 2.
		Level: 1 - amount of rules: 29542 - size of rules 2.
	The extracted strings was saved in: [32mreport/2025-08-12/extract/pseudo-real-dblp.xml.00001.1_10000_substrings_results.txt[0m
malloc_count ### exiting, total: 131,793,654, peak: 85,968,845, current: 4,096
Time: 0.263605584000000(s)

		 [33m Checking if the response file is the same as the expected file [0m


			 [0;32m The files are the same. [0m


	 [33mStarting extract with GC* - INTERVAL SIZE 10000.[0m
	Compressed file information:
		Size of Tuples: 2
		Amount of levels: 19
Tamanho do símbolo inicial: 201
		Level: 19 - amount of rules: 2936.
		Level: 18 - amount of rules: 29541.
		Level: 17 - amount of rules: 41110.
		Level: 16 - amount of rules: 35042.
		Level: 15 - amount of rules: 25383.
		Level: 14 - amount of rules: 16515.
		Level: 13 - amount of rules: 9178.
		Level: 12 - amount of rules: 5086.
		Level: 11 - amount of rules: 3038.
		Level: 10 - amount of rules: 2012.
		Level: 9 - amount of rules: 1493.
		Level: 8 - amount of rules: 1232.
		Level: 7 - amount of rules: 1088.
		Level: 6 - amount of rules: 984.
		Level: 5 - amount of rules: 897.
		Level: 4 - amount of rules: 768.
		Level: 3 - amount of rules: 587.
		Level: 2 - amount of rules: 376.
		Level: 1 - amount of rules: 201.
	The extracted strings was saved in: [32mreport/2025-08-12/extract/pseudo-real-dblp.xml.00001.1_result_extract_gc2_len10000.txt[0m
malloc_count ### exiting, total: 47,180,426, peak: 1,355,617, current: 4,096
Time: 0.364597525000000(s)

		 [33m Checking if the response file is the same as the expected file [0m


			 [0;32m The files are the same. [0m

	Compressed file information:
		Size of Tuples: 4
		Amount of levels: 10
Tamanho do símbolo inicial: 101
		Level: 10 - amount of rules: 29541.
		Level: 9 - amount of rules: 35042.
		Level: 8 - amount of rules: 16515.
		Level: 7 - amount of rules: 5086.
		Level: 6 - amount of rules: 2012.
		Level: 5 - amount of rules: 1232.
		Level: 4 - amount of rules: 984.
		Level: 3 - amount of rules: 768.
		Level: 2 - amount of rules: 376.
		Level: 1 - amount of rules: 101.
	The extracted strings was saved in: [32mreport/2025-08-12/extract/pseudo-real-dblp.xml.00001.1_result_extract_gc4_len10000.txt[0m
malloc_count ### exiting, total: 47,109,266, peak: 1,284,457, current: 4,096
Time: 0.127642430000000(s)

		 [33m Checking if the response file is the same as the expected file [0m


			 [0;32m The files are the same. [0m


	[34mPreparing for extract operation on the pseudo-real-dblp.xml.00001.2 file. [0m


[33m Generating expected responses for searched interval...[0m

	 [33mStarting extract with GCX - pseudo-real-dblp.xml.00001.2 - INTERVAL SIZE 1.[0m
	Using initial window of size 2 for LCP calculation.

[32mStarting to extract ...
[0m	Compressed file information:

		Amount of levels: 1
		Size initial partition: 2
		Initial symbol size: 52428801
		Level: 1 - amount of rules: 2936 - size of rules 2.
	The extracted strings was saved in: [32mreport/2025-08-12/extract/pseudo-real-dblp.xml.00001.2_1_substrings_results.txt[0m
malloc_count ### exiting, total: 223,447,982, peak: 177,623,173, current: 4,096
Time: 0.001628683000000(s)

		 [33m Checking if the response file is the same as the expected file [0m


			 [0;32m The files are the same. [0m


	 [33mStarting extract with GCX - pseudo-real-dblp.xml.00001.2 - INTERVAL SIZE 1.[0m
	Using initial window of size 4 for LCP calculation.

[32mStarting to extract ...
[0m	Compressed file information:

		Amount of levels: 2
		Size initial partition: 4
		Initial symbol size: 26214402
		Level: 2 - amount of rules: 2936 - size of rules 2.
		Level: 1 - amount of rules: 29542 - size of rules 2.
	The extracted strings was saved in: [32mreport/2025-08-12/extract/pseudo-real-dblp.xml.00001.2_1_substrings_results.txt[0m
malloc_count ### exiting, total: 131,793,654, peak: 85,968,845, current: 4,096
Time: 0.001540309000000(s)

		 [33m Checking if the response file is the same as the expected file [0m


			 [0;32m The files are the same. [0m


	 [33mStarting extract with GC* - INTERVAL SIZE 1.[0m
	Compressed file information:
		Size of Tuples: 2
		Amount of levels: 19
Tamanho do símbolo inicial: 201
		Level: 19 - amount of rules: 2936.
		Level: 18 - amount of rules: 29541.
		Level: 17 - amount of rules: 41110.
		Level: 16 - amount of rules: 35042.
		Level: 15 - amount of rules: 25383.
		Level: 14 - amount of rules: 16515.
		Level: 13 - amount of rules: 9178.
		Level: 12 - amount of rules: 5086.
		Level: 11 - amount of rules: 3038.
		Level: 10 - amount of rules: 2012.
		Level: 9 - amount of rules: 1493.
		Level: 8 - amount of rules: 1232.
		Level: 7 - amount of rules: 1088.
		Level: 6 - amount of rules: 984.
		Level: 5 - amount of rules: 897.
		Level: 4 - amount of rules: 768.
		Level: 3 - amount of rules: 587.
		Level: 2 - amount of rules: 376.
		Level: 1 - amount of rules: 201.
	The extracted strings was saved in: [32mreport/2025-08-12/extract/pseudo-real-dblp.xml.00001.2_result_extract_gc2_len1.txt[0m
malloc_count ### exiting, total: 47,180,426, peak: 1,355,617, current: 4,096
Time: 0.002372155000000(s)

		 [33m Checking if the response file is the same as the expected file [0m


			 [0;32m The files are the same. [0m

	Compressed file information:
		Size of Tuples: 4
		Amount of levels: 10
Tamanho do símbolo inicial: 101
		Level: 10 - amount of rules: 29541.
		Level: 9 - amount of rules: 35042.
		Level: 8 - amount of rules: 16515.
		Level: 7 - amount of rules: 5086.
		Level: 6 - amount of rules: 2012.
		Level: 5 - amount of rules: 1232.
		Level: 4 - amount of rules: 984.
		Level: 3 - amount of rules: 768.
		Level: 2 - amount of rules: 376.
		Level: 1 - amount of rules: 101.
	The extracted strings was saved in: [32mreport/2025-08-12/extract/pseudo-real-dblp.xml.00001.2_result_extract_gc4_len1.txt[0m
malloc_count ### exiting, total: 47,109,266, peak: 1,284,457, current: 4,096
Time: 0.001629224000000(s)

		 [33m Checking if the response file is the same as the expected file [0m


			 [0;32m The files are the same. [0m


[33m Generating expected responses for searched interval...[0m

	 [33mStarting extract with GCX - pseudo-real-dblp.xml.00001.2 - INTERVAL SIZE 10.[0m
	Using initial window of size 2 for LCP calculation.

[32mStarting to extract ...
[0m	Compressed file information:

		Amount of levels: 1
		Size initial partition: 2
		Initial symbol size: 52428801
		Level: 1 - amount of rules: 2936 - size of rules 2.
	The extracted strings was saved in: [32mreport/2025-08-12/extract/pseudo-real-dblp.xml.00001.2_10_substrings_results.txt[0m
malloc_count ### exiting, total: 223,447,982, peak: 177,623,173, current: 4,096
Time: 0.001714288000000(s)

		 [33m Checking if the response file is the same as the expected file [0m


			 [0;32m The files are the same. [0m


	 [33mStarting extract with GCX - pseudo-real-dblp.xml.00001.2 - INTERVAL SIZE 10.[0m
	Using initial window of size 4 for LCP calculation.

[32mStarting to extract ...
[0m	Compressed file information:

		Amount of levels: 2
		Size initial partition: 4
		Initial symbol size: 26214402
		Level: 2 - amount of rules: 2936 - size of rules 2.
		Level: 1 - amount of rules: 29542 - size of rules 2.
	The extracted strings was saved in: [32mreport/2025-08-12/extract/pseudo-real-dblp.xml.00001.2_10_substrings_results.txt[0m
malloc_count ### exiting, total: 131,793,654, peak: 85,968,845, current: 4,096
Time: 0.001738573000000(s)

		 [33m Checking if the response file is the same as the expected file [0m


			 [0;32m The files are the same. [0m


	 [33mStarting extract with GC* - INTERVAL SIZE 10.[0m
	Compressed file information:
		Size of Tuples: 2
		Amount of levels: 19
Tamanho do símbolo inicial: 201
		Level: 19 - amount of rules: 2936.
		Level: 18 - amount of rules: 29541.
		Level: 17 - amount of rules: 41110.
		Level: 16 - amount of rules: 35042.
		Level: 15 - amount of rules: 25383.
		Level: 14 - amount of rules: 16515.
		Level: 13 - amount of rules: 9178.
		Level: 12 - amount of rules: 5086.
		Level: 11 - amount of rules: 3038.
		Level: 10 - amount of rules: 2012.
		Level: 9 - amount of rules: 1493.
		Level: 8 - amount of rules: 1232.
		Level: 7 - amount of rules: 1088.
		Level: 6 - amount of rules: 984.
		Level: 5 - amount of rules: 897.
		Level: 4 - amount of rules: 768.
		Level: 3 - amount of rules: 587.
		Level: 2 - amount of rules: 376.
		Level: 1 - amount of rules: 201.
	The extracted strings was saved in: [32mreport/2025-08-12/extract/pseudo-real-dblp.xml.00001.2_result_extract_gc2_len10.txt[0m
malloc_count ### exiting, total: 47,180,426, peak: 1,355,617, current: 4,096
Time: 0.002936834000000(s)

		 [33m Checking if the response file is the same as the expected file [0m


			 [0;32m The files are the same. [0m

	Compressed file information:
		Size of Tuples: 4
		Amount of levels: 10
Tamanho do símbolo inicial: 101
		Level: 10 - amount of rules: 29541.
		Level: 9 - amount of rules: 35042.
		Level: 8 - amount of rules: 16515.
		Level: 7 - amount of rules: 5086.
		Level: 6 - amount of rules: 2012.
		Level: 5 - amount of rules: 1232.
		Level: 4 - amount of rules: 984.
		Level: 3 - amount of rules: 768.
		Level: 2 - amount of rules: 376.
		Level: 1 - amount of rules: 101.
	The extracted strings was saved in: [32mreport/2025-08-12/extract/pseudo-real-dblp.xml.00001.2_result_extract_gc4_len10.txt[0m
malloc_count ### exiting, total: 47,109,266, peak: 1,284,457, current: 4,096
Time: 0.001799454000000(s)

		 [33m Checking if the response file is the same as the expected file [0m


			 [0;32m The files are the same. [0m


[33m Generating expected responses for searched interval...[0m

	 [33mStarting extract with GCX - pseudo-real-dblp.xml.00001.2 - INTERVAL SIZE 100.[0m
	Using initial window of size 2 for LCP calculation.

[32mStarting to extract ...
[0m	Compressed file information:

		Amount of levels: 1
		Size initial partition: 2
		Initial symbol size: 52428801
		Level: 1 - amount of rules: 2936 - size of rules 2.
	The extracted strings was saved in: [32mreport/2025-08-12/extract/pseudo-real-dblp.xml.00001.2_100_substrings_results.txt[0m
malloc_count ### exiting, total: 223,447,982, peak: 177,623,173, current: 4,096
Time: 0.003335090000000(s)

		 [33m Checking if the response file is the same as the expected file [0m


			 [0;32m The files are the same. [0m


	 [33mStarting extract with GCX - pseudo-real-dblp.xml.00001.2 - INTERVAL SIZE 100.[0m
	Using initial window of size 4 for LCP calculation.

[32mStarting to extract ...
[0m	Compressed file information:

		Amount of levels: 2
		Size initial partition: 4
		Initial symbol size: 26214402
		Level: 2 - amount of rules: 2936 - size of rules 2.
		Level: 1 - amount of rules: 29542 - size of rules 2.
	The extracted strings was saved in: [32mreport/2025-08-12/extract/pseudo-real-dblp.xml.00001.2_100_substrings_results.txt[0m
malloc_count ### exiting, total: 131,793,654, peak: 85,968,845, current: 4,096
Time: 0.004482442000000(s)

		 [33m Checking if the response file is the same as the expected file [0m


			 [0;32m The files are the same. [0m


	 [33mStarting extract with GC* - INTERVAL SIZE 100.[0m
	Compressed file information:
		Size of Tuples: 2
		Amount of levels: 19
Tamanho do símbolo inicial: 201
		Level: 19 - amount of rules: 2936.
		Level: 18 - amount of rules: 29541.
		Level: 17 - amount of rules: 41110.
		Level: 16 - amount of rules: 35042.
		Level: 15 - amount of rules: 25383.
		Level: 14 - amount of rules: 16515.
		Level: 13 - amount of rules: 9178.
		Level: 12 - amount of rules: 5086.
		Level: 11 - amount of rules: 3038.
		Level: 10 - amount of rules: 2012.
		Level: 9 - amount of rules: 1493.
		Level: 8 - amount of rules: 1232.
		Level: 7 - amount of rules: 1088.
		Level: 6 - amount of rules: 984.
		Level: 5 - amount of rules: 897.
		Level: 4 - amount of rules: 768.
		Level: 3 - amount of rules: 587.
		Level: 2 - amount of rules: 376.
		Level: 1 - amount of rules: 201.
	The extracted strings was saved in: [32mreport/2025-08-12/extract/pseudo-real-dblp.xml.00001.2_result_extract_gc2_len100.txt[0m
malloc_count ### exiting, total: 47,180,426, peak: 1,355,617, current: 4,096
Time: 0.006556492000000(s)

		 [33m Checking if the response file is the same as the expected file [0m


			 [0;32m The files are the same. [0m

	Compressed file information:
		Size of Tuples: 4
		Amount of levels: 10
Tamanho do símbolo inicial: 101
		Level: 10 - amount of rules: 29541.
		Level: 9 - amount of rules: 35042.
		Level: 8 - amount of rules: 16515.
		Level: 7 - amount of rules: 5086.
		Level: 6 - amount of rules: 2012.
		Level: 5 - amount of rules: 1232.
		Level: 4 - amount of rules: 984.
		Level: 3 - amount of rules: 768.
		Level: 2 - amount of rules: 376.
		Level: 1 - amount of rules: 101.
	The extracted strings was saved in: [32mreport/2025-08-12/extract/pseudo-real-dblp.xml.00001.2_result_extract_gc4_len100.txt[0m
malloc_count ### exiting, total: 47,109,266, peak: 1,284,457, current: 4,096
Time: 0.003064221000000(s)

		 [33m Checking if the response file is the same as the expected file [0m


			 [0;32m The files are the same. [0m


[33m Generating expected responses for searched interval...[0m

	 [33mStarting extract with GCX - pseudo-real-dblp.xml.00001.2 - INTERVAL SIZE 1000.[0m
	Using initial window of size 2 for LCP calculation.

[32mStarting to extract ...
[0m	Compressed file information:

		Amount of levels: 1
		Size initial partition: 2
		Initial symbol size: 52428801
		Level: 1 - amount of rules: 2936 - size of rules 2.
	The extracted strings was saved in: [32mreport/2025-08-12/extract/pseudo-real-dblp.xml.00001.2_1000_substrings_results.txt[0m
malloc_count ### exiting, total: 223,447,982, peak: 177,623,173, current: 4,096
Time: 0.016487649000000(s)

		 [33m Checking if the response file is the same as the expected file [0m


			 [0;32m The files are the same. [0m


	 [33mStarting extract with GCX - pseudo-real-dblp.xml.00001.2 - INTERVAL SIZE 1000.[0m
	Using initial window of size 4 for LCP calculation.

[32mStarting to extract ...
[0m	Compressed file information:

		Amount of levels: 2
		Size initial partition: 4
		Initial symbol size: 26214402
		Level: 2 - amount of rules: 2936 - size of rules 2.
		Level: 1 - amount of rules: 29542 - size of rules 2.
	The extracted strings was saved in: [32mreport/2025-08-12/extract/pseudo-real-dblp.xml.00001.2_1000_substrings_results.txt[0m
malloc_count ### exiting, total: 131,793,654, peak: 85,968,845, current: 4,096
Time: 0.028077463000000(s)

		 [33m Checking if the response file is the same as the expected file [0m


			 [0;32m The files are the same. [0m


	 [33mStarting extract with GC* - INTERVAL SIZE 1000.[0m
	Compressed file information:
		Size of Tuples: 2
		Amount of levels: 19
Tamanho do símbolo inicial: 201
		Level: 19 - amount of rules: 2936.
		Level: 18 - amount of rules: 29541.
		Level: 17 - amount of rules: 41110.
		Level: 16 - amount of rules: 35042.
		Level: 15 - amount of rules: 25383.
		Level: 14 - amount of rules: 16515.
		Level: 13 - amount of rules: 9178.
		Level: 12 - amount of rules: 5086.
		Level: 11 - amount of rules: 3038.
		Level: 10 - amount of rules: 2012.
		Level: 9 - amount of rules: 1493.
		Level: 8 - amount of rules: 1232.
		Level: 7 - amount of rules: 1088.
		Level: 6 - amount of rules: 984.
		Level: 5 - amount of rules: 897.
		Level: 4 - amount of rules: 768.
		Level: 3 - amount of rules: 587.
		Level: 2 - amount of rules: 376.
		Level: 1 - amount of rules: 201.
	The extracted strings was saved in: [32mreport/2025-08-12/extract/pseudo-real-dblp.xml.00001.2_result_extract_gc2_len1000.txt[0m
malloc_count ### exiting, total: 47,180,426, peak: 1,355,617, current: 4,096
Time: 0.038433772000000(s)

		 [33m Checking if the response file is the same as the expected file [0m


			 [0;32m The files are the same. [0m

	Compressed file information:
		Size of Tuples: 4
		Amount of levels: 10
Tamanho do símbolo inicial: 101
		Level: 10 - amount of rules: 29541.
		Level: 9 - amount of rules: 35042.
		Level: 8 - amount of rules: 16515.
		Level: 7 - amount of rules: 5086.
		Level: 6 - amount of rules: 2012.
		Level: 5 - amount of rules: 1232.
		Level: 4 - amount of rules: 984.
		Level: 3 - amount of rules: 768.
		Level: 2 - amount of rules: 376.
		Level: 1 - amount of rules: 101.
	The extracted strings was saved in: [32mreport/2025-08-12/extract/pseudo-real-dblp.xml.00001.2_result_extract_gc4_len1000.txt[0m
malloc_count ### exiting, total: 47,109,266, peak: 1,284,457, current: 4,096
Time: 0.014770712000000(s)

		 [33m Checking if the response file is the same as the expected file [0m


			 [0;32m The files are the same. [0m


[33m Generating expected responses for searched interval...[0m

	 [33mStarting extract with GCX - pseudo-real-dblp.xml.00001.2 - INTERVAL SIZE 10000.[0m
	Using initial window of size 2 for LCP calculation.

[32mStarting to extract ...
[0m	Compressed file information:

		Amount of levels: 1
		Size initial partition: 2
		Initial symbol size: 52428801
		Level: 1 - amount of rules: 2936 - size of rules 2.
	The extracted strings was saved in: [32mreport/2025-08-12/extract/pseudo-real-dblp.xml.00001.2_10000_substrings_results.txt[0m
malloc_count ### exiting, total: 223,447,982, peak: 177,623,173, current: 4,096
Time: 0.141392289000000(s)

		 [33m Checking if the response file is the same as the expected file [0m


			 [0;32m The files are the same. [0m


	 [33mStarting extract with GCX - pseudo-real-dblp.xml.00001.2 - INTERVAL SIZE 10000.[0m
	Using initial window of size 4 for LCP calculation.

[32mStarting to extract ...
[0m	Compressed file information:

		Amount of levels: 2
		Size initial partition: 4
		Initial symbol size: 26214402
		Level: 2 - amount of rules: 2936 - size of rules 2.
		Level: 1 - amount of rules: 29542 - size of rules 2.
	The extracted strings was saved in: [32mreport/2025-08-12/extract/pseudo-real-dblp.xml.00001.2_10000_substrings_results.txt[0m
malloc_count ### exiting, total: 131,793,654, peak: 85,968,845, current: 4,096
Time: 0.259449494000000(s)

		 [33m Checking if the response file is the same as the expected file [0m


			 [0;32m The files are the same. [0m


	 [33mStarting extract with GC* - INTERVAL SIZE 10000.[0m
	Compressed file information:
		Size of Tuples: 2
		Amount of levels: 19
Tamanho do símbolo inicial: 201
		Level: 19 - amount of rules: 2936.
		Level: 18 - amount of rules: 29541.
		Level: 17 - amount of rules: 41110.
		Level: 16 - amount of rules: 35042.
		Level: 15 - amount of rules: 25383.
		Level: 14 - amount of rules: 16515.
		Level: 13 - amount of rules: 9178.
		Level: 12 - amount of rules: 5086.
		Level: 11 - amount of rules: 3038.
		Level: 10 - amount of rules: 2012.
		Level: 9 - amount of rules: 1493.
		Level: 8 - amount of rules: 1232.
		Level: 7 - amount of rules: 1088.
		Level: 6 - amount of rules: 984.
		Level: 5 - amount of rules: 897.
		Level: 4 - amount of rules: 768.
		Level: 3 - amount of rules: 587.
		Level: 2 - amount of rules: 376.
		Level: 1 - amount of rules: 201.
	The extracted strings was saved in: [32mreport/2025-08-12/extract/pseudo-real-dblp.xml.00001.2_result_extract_gc2_len10000.txt[0m
malloc_count ### exiting, total: 47,180,426, peak: 1,355,617, current: 4,096
Time: 0.360499424000000(s)

		 [33m Checking if the response file is the same as the expected file [0m


			 [0;32m The files are the same. [0m

	Compressed file information:
		Size of Tuples: 4
		Amount of levels: 10
Tamanho do símbolo inicial: 101
		Level: 10 - amount of rules: 29541.
		Level: 9 - amount of rules: 35042.
		Level: 8 - amount of rules: 16515.
		Level: 7 - amount of rules: 5086.
		Level: 6 - amount of rules: 2012.
		Level: 5 - amount of rules: 1232.
		Level: 4 - amount of rules: 984.
		Level: 3 - amount of rules: 768.
		Level: 2 - amount of rules: 376.
		Level: 1 - amount of rules: 101.
	The extracted strings was saved in: [32mreport/2025-08-12/extract/pseudo-real-dblp.xml.00001.2_result_extract_gc4_len10000.txt[0m
malloc_count ### exiting, total: 47,109,266, peak: 1,284,457, current: 4,096
Time: 0.124724742000000(s)

		 [33m Checking if the response file is the same as the expected file [0m


			 [0;32m The files are the same. [0m


	[34mPreparing for extract operation on the pseudo-real-dna.001.1 file. [0m


[33m Generating expected responses for searched interval...[0m

	 [33mStarting extract with GCX - pseudo-real-dna.001.1 - INTERVAL SIZE 1.[0m
	Using initial window of size 2 for LCP calculation.

[32mStarting to extract ...
[0m	Compressed file information:

		Amount of levels: 1
		Size initial partition: 2
		Initial symbol size: 52428801
		Level: 1 - amount of rules: 19 - size of rules 2.
	The extracted strings was saved in: [32mreport/2025-08-12/extract/pseudo-real-dna.001.1_1_substrings_results.txt[0m
malloc_count ### exiting, total: 223,442,148, peak: 177,617,339, current: 4,096
Time: 0.001621956000000(s)

		 [33m Checking if the response file is the same as the expected file [0m


			 [0;32m The files are the same. [0m


	 [33mStarting extract with GCX - pseudo-real-dna.001.1 - INTERVAL SIZE 1.[0m
	Using initial window of size 4 for LCP calculation.

[32mStarting to extract ...
[0m	Compressed file information:

		Amount of levels: 2
		Size initial partition: 4
		Initial symbol size: 26214402
		Level: 2 - amount of rules: 19 - size of rules 2.
		Level: 1 - amount of rules: 260 - size of rules 2.
	The extracted strings was saved in: [32mreport/2025-08-12/extract/pseudo-real-dna.001.1_1_substrings_results.txt[0m
malloc_count ### exiting, total: 131,692,196, peak: 85,867,387, current: 4,096
Time: 0.001533251000000(s)

		 [33m Checking if the response file is the same as the expected file [0m


			 [0;32m The files are the same. [0m


	 [33mStarting extract with GC* - INTERVAL SIZE 1.[0m
	Compressed file information:
		Size of Tuples: 2
		Amount of levels: 14
Tamanho do símbolo inicial: 6401
		Level: 14 - amount of rules: 19.
		Level: 13 - amount of rules: 259.
		Level: 12 - amount of rules: 55317.
		Level: 11 - amount of rules: 165408.
		Level: 10 - amount of rules: 133385.
		Level: 9 - amount of rules: 115452.
		Level: 8 - amount of rules: 104311.
		Level: 7 - amount of rules: 94627.
		Level: 6 - amount of rules: 82551.
		Level: 5 - amount of rules: 65738.
		Level: 4 - amount of rules: 44639.
		Level: 3 - amount of rules: 25164.
		Level: 2 - amount of rules: 12799.
		Level: 1 - amount of rules: 6401.
	The extracted strings was saved in: [32mreport/2025-08-12/extract/pseudo-real-dna.001.1_result_extract_gc2_len1.txt[0m
malloc_count ### exiting, total: 50,476,044, peak: 4,651,235, current: 4,096
Time: 0.003946788000000(s)

		 [33m Checking if the response file is the same as the expected file [0m


			 [0;32m The files are the same. [0m

	Compressed file information:
		Size of Tuples: 4
		Amount of levels: 7
Tamanho do símbolo inicial: 6401
		Level: 7 - amount of rules: 259.
		Level: 6 - amount of rules: 165408.
		Level: 5 - amount of rules: 115452.
		Level: 4 - amount of rules: 94627.
		Level: 3 - amount of rules: 65738.
		Level: 2 - amount of rules: 25164.
		Level: 1 - amount of rules: 6401.
	The extracted strings was saved in: [32mreport/2025-08-12/extract/pseudo-real-dna.001.1_result_extract_gc4_len1.txt[0m
malloc_count ### exiting, total: 50,152,286, peak: 4,327,477, current: 4,096
Time: 0.002594999000000(s)

		 [33m Checking if the response file is the same as the expected file [0m


			 [0;32m The files are the same. [0m


[33m Generating expected responses for searched interval...[0m

	 [33mStarting extract with GCX - pseudo-real-dna.001.1 - INTERVAL SIZE 10.[0m
	Using initial window of size 2 for LCP calculation.

[32mStarting to extract ...
[0m	Compressed file information:

		Amount of levels: 1
		Size initial partition: 2
		Initial symbol size: 52428801
		Level: 1 - amount of rules: 19 - size of rules 2.
	The extracted strings was saved in: [32mreport/2025-08-12/extract/pseudo-real-dna.001.1_10_substrings_results.txt[0m
malloc_count ### exiting, total: 223,442,148, peak: 177,617,339, current: 4,096
Time: 0.001688884000000(s)

		 [33m Checking if the response file is the same as the expected file [0m


			 [0;32m The files are the same. [0m


	 [33mStarting extract with GCX - pseudo-real-dna.001.1 - INTERVAL SIZE 10.[0m
	Using initial window of size 4 for LCP calculation.

[32mStarting to extract ...
[0m	Compressed file information:

		Amount of levels: 2
		Size initial partition: 4
		Initial symbol size: 26214402
		Level: 2 - amount of rules: 19 - size of rules 2.
		Level: 1 - amount of rules: 260 - size of rules 2.
	The extracted strings was saved in: [32mreport/2025-08-12/extract/pseudo-real-dna.001.1_10_substrings_results.txt[0m
malloc_count ### exiting, total: 131,692,196, peak: 85,867,387, current: 4,096
Time: 0.001680417000000(s)

		 [33m Checking if the response file is the same as the expected file [0m


			 [0;32m The files are the same. [0m


	 [33mStarting extract with GC* - INTERVAL SIZE 10.[0m
	Compressed file information:
		Size of Tuples: 2
		Amount of levels: 14
Tamanho do símbolo inicial: 6401
		Level: 14 - amount of rules: 19.
		Level: 13 - amount of rules: 259.
		Level: 12 - amount of rules: 55317.
		Level: 11 - amount of rules: 165408.
		Level: 10 - amount of rules: 133385.
		Level: 9 - amount of rules: 115452.
		Level: 8 - amount of rules: 104311.
		Level: 7 - amount of rules: 94627.
		Level: 6 - amount of rules: 82551.
		Level: 5 - amount of rules: 65738.
		Level: 4 - amount of rules: 44639.
		Level: 3 - amount of rules: 25164.
		Level: 2 - amount of rules: 12799.
		Level: 1 - amount of rules: 6401.
	The extracted strings was saved in: [32mreport/2025-08-12/extract/pseudo-real-dna.001.1_result_extract_gc2_len10.txt[0m
malloc_count ### exiting, total: 50,476,044, peak: 4,651,235, current: 4,096
Time: 0.004454550000000(s)

		 [33m Checking if the response file is the same as the expected file [0m


			 [0;32m The files are the same. [0m

	Compressed file information:
		Size of Tuples: 4
		Amount of levels: 7
Tamanho do símbolo inicial: 6401
		Level: 7 - amount of rules: 259.
		Level: 6 - amount of rules: 165408.
		Level: 5 - amount of rules: 115452.
		Level: 4 - amount of rules: 94627.
		Level: 3 - amount of rules: 65738.
		Level: 2 - amount of rules: 25164.
		Level: 1 - amount of rules: 6401.
	The extracted strings was saved in: [32mreport/2025-08-12/extract/pseudo-real-dna.001.1_result_extract_gc4_len10.txt[0m
malloc_count ### exiting, total: 50,152,286, peak: 4,327,477, current: 4,096
Time: 0.002739617000000(s)

		 [33m Checking if the response file is the same as the expected file [0m


			 [0;32m The files are the same. [0m


[33m Generating expected responses for searched interval...[0m

	 [33mStarting extract with GCX - pseudo-real-dna.001.1 - INTERVAL SIZE 100.[0m
	Using initial window of size 2 for LCP calculation.

[32mStarting to extract ...
[0m	Compressed file information:

		Amount of levels: 1
		Size initial partition: 2
		Initial symbol size: 52428801
		Level: 1 - amount of rules: 19 - size of rules 2.
	The extracted strings was saved in: [32mreport/2025-08-12/extract/pseudo-real-dna.001.1_100_substrings_results.txt[0m
malloc_count ### exiting, total: 223,442,148, peak: 177,617,339, current: 4,096
Time: 0.003287785000000(s)

		 [33m Checking if the response file is the same as the expected file [0m


			 [0;32m The files are the same. [0m


	 [33mStarting extract with GCX - pseudo-real-dna.001.1 - INTERVAL SIZE 100.[0m
	Using initial window of size 4 for LCP calculation.

[32mStarting to extract ...
[0m	Compressed file information:

		Amount of levels: 2
		Size initial partition: 4
		Initial symbol size: 26214402
		Level: 2 - amount of rules: 19 - size of rules 2.
		Level: 1 - amount of rules: 260 - size of rules 2.
	The extracted strings was saved in: [32mreport/2025-08-12/extract/pseudo-real-dna.001.1_100_substrings_results.txt[0m
malloc_count ### exiting, total: 131,692,196, peak: 85,867,387, current: 4,096
Time: 0.004032669000000(s)

		 [33m Checking if the response file is the same as the expected file [0m


			 [0;32m The files are the same. [0m


	 [33mStarting extract with GC* - INTERVAL SIZE 100.[0m
	Compressed file information:
		Size of Tuples: 2
		Amount of levels: 14
Tamanho do símbolo inicial: 6401
		Level: 14 - amount of rules: 19.
		Level: 13 - amount of rules: 259.
		Level: 12 - amount of rules: 55317.
		Level: 11 - amount of rules: 165408.
		Level: 10 - amount of rules: 133385.
		Level: 9 - amount of rules: 115452.
		Level: 8 - amount of rules: 104311.
		Level: 7 - amount of rules: 94627.
		Level: 6 - amount of rules: 82551.
		Level: 5 - amount of rules: 65738.
		Level: 4 - amount of rules: 44639.
		Level: 3 - amount of rules: 25164.
		Level: 2 - amount of rules: 12799.
		Level: 1 - amount of rules: 6401.
	The extracted strings was saved in: [32mreport/2025-08-12/extract/pseudo-real-dna.001.1_result_extract_gc2_len100.txt[0m
malloc_count ### exiting, total: 50,476,044, peak: 4,651,235, current: 4,096
Time: 0.007567531000000(s)

		 [33m Checking if the response file is the same as the expected file [0m


			 [0;32m The files are the same. [0m

	Compressed file information:
		Size of Tuples: 4
		Amount of levels: 7
Tamanho do símbolo inicial: 6401
		Level: 7 - amount of rules: 259.
		Level: 6 - amount of rules: 165408.
		Level: 5 - amount of rules: 115452.
		Level: 4 - amount of rules: 94627.
		Level: 3 - amount of rules: 65738.
		Level: 2 - amount of rules: 25164.
		Level: 1 - amount of rules: 6401.
	The extracted strings was saved in: [32mreport/2025-08-12/extract/pseudo-real-dna.001.1_result_extract_gc4_len100.txt[0m
malloc_count ### exiting, total: 50,152,286, peak: 4,327,477, current: 4,096
Time: 0.004183048000000(s)

		 [33m Checking if the response file is the same as the expected file [0m


			 [0;32m The files are the same. [0m


[33m Generating expected responses for searched interval...[0m

	 [33mStarting extract with GCX - pseudo-real-dna.001.1 - INTERVAL SIZE 1000.[0m
	Using initial window of size 2 for LCP calculation.

[32mStarting to extract ...
[0m	Compressed file information:

		Amount of levels: 1
		Size initial partition: 2
		Initial symbol size: 52428801
		Level: 1 - amount of rules: 19 - size of rules 2.
	The extracted strings was saved in: [32mreport/2025-08-12/extract/pseudo-real-dna.001.1_1000_substrings_results.txt[0m
malloc_count ### exiting, total: 223,442,148, peak: 177,617,339, current: 4,096
Time: 0.016476722000000(s)

		 [33m Checking if the response file is the same as the expected file [0m


			 [0;32m The files are the same. [0m


	 [33mStarting extract with GCX - pseudo-real-dna.001.1 - INTERVAL SIZE 1000.[0m
	Using initial window of size 4 for LCP calculation.

[32mStarting to extract ...
[0m	Compressed file information:

		Amount of levels: 2
		Size initial partition: 4
		Initial symbol size: 26214402
		Level: 2 - amount of rules: 19 - size of rules 2.
		Level: 1 - amount of rules: 260 - size of rules 2.
	The extracted strings was saved in: [32mreport/2025-08-12/extract/pseudo-real-dna.001.1_1000_substrings_results.txt[0m
malloc_count ### exiting, total: 131,692,196, peak: 85,867,387, current: 4,096
Time: 0.023880880000000(s)

		 [33m Checking if the response file is the same as the expected file [0m


			 [0;32m The files are the same. [0m


	 [33mStarting extract with GC* - INTERVAL SIZE 1000.[0m
	Compressed file information:
		Size of Tuples: 2
		Amount of levels: 14
Tamanho do símbolo inicial: 6401
		Level: 14 - amount of rules: 19.
		Level: 13 - amount of rules: 259.
		Level: 12 - amount of rules: 55317.
		Level: 11 - amount of rules: 165408.
		Level: 10 - amount of rules: 133385.
		Level: 9 - amount of rules: 115452.
		Level: 8 - amount of rules: 104311.
		Level: 7 - amount of rules: 94627.
		Level: 6 - amount of rules: 82551.
		Level: 5 - amount of rules: 65738.
		Level: 4 - amount of rules: 44639.
		Level: 3 - amount of rules: 25164.
		Level: 2 - amount of rules: 12799.
		Level: 1 - amount of rules: 6401.
	The extracted strings was saved in: [32mreport/2025-08-12/extract/pseudo-real-dna.001.1_result_extract_gc2_len1000.txt[0m
malloc_count ### exiting, total: 50,476,044, peak: 4,651,235, current: 4,096
Time: 0.040439563000000(s)

		 [33m Checking if the response file is the same as the expected file [0m


			 [0;32m The files are the same. [0m

	Compressed file information:
		Size of Tuples: 4
		Amount of levels: 7
Tamanho do símbolo inicial: 6401
		Level: 7 - amount of rules: 259.
		Level: 6 - amount of rules: 165408.
		Level: 5 - amount of rules: 115452.
		Level: 4 - amount of rules: 94627.
		Level: 3 - amount of rules: 65738.
		Level: 2 - amount of rules: 25164.
		Level: 1 - amount of rules: 6401.
	The extracted strings was saved in: [32mreport/2025-08-12/extract/pseudo-real-dna.001.1_result_extract_gc4_len1000.txt[0m
malloc_count ### exiting, total: 50,152,286, peak: 4,327,477, current: 4,096
Time: 0.017645795000000(s)

		 [33m Checking if the response file is the same as the expected file [0m


			 [0;32m The files are the same. [0m


[33m Generating expected responses for searched interval...[0m

	 [33mStarting extract with GCX - pseudo-real-dna.001.1 - INTERVAL SIZE 10000.[0m
	Using initial window of size 2 for LCP calculation.

[32mStarting to extract ...
[0m	Compressed file information:

		Amount of levels: 1
		Size initial partition: 2
		Initial symbol size: 52428801
		Level: 1 - amount of rules: 19 - size of rules 2.
	The extracted strings was saved in: [32mreport/2025-08-12/extract/pseudo-real-dna.001.1_10000_substrings_results.txt[0m
malloc_count ### exiting, total: 223,442,148, peak: 177,617,339, current: 4,096
Time: 0.141349980000000(s)

		 [33m Checking if the response file is the same as the expected file [0m


			 [0;32m The files are the same. [0m


	 [33mStarting extract with GCX - pseudo-real-dna.001.1 - INTERVAL SIZE 10000.[0m
	Using initial window of size 4 for LCP calculation.

[32mStarting to extract ...
[0m	Compressed file information:

		Amount of levels: 2
		Size initial partition: 4
		Initial symbol size: 26214402
		Level: 2 - amount of rules: 19 - size of rules 2.
		Level: 1 - amount of rules: 260 - size of rules 2.
	The extracted strings was saved in: [32mreport/2025-08-12/extract/pseudo-real-dna.001.1_10000_substrings_results.txt[0m
malloc_count ### exiting, total: 131,692,196, peak: 85,867,387, current: 4,096
Time: 0.220573916000000(s)

		 [33m Checking if the response file is the same as the expected file [0m


			 [0;32m The files are the same. [0m


	 [33mStarting extract with GC* - INTERVAL SIZE 10000.[0m
	Compressed file information:
		Size of Tuples: 2
		Amount of levels: 14
Tamanho do símbolo inicial: 6401
		Level: 14 - amount of rules: 19.
		Level: 13 - amount of rules: 259.
		Level: 12 - amount of rules: 55317.
		Level: 11 - amount of rules: 165408.
		Level: 10 - amount of rules: 133385.
		Level: 9 - amount of rules: 115452.
		Level: 8 - amount of rules: 104311.
		Level: 7 - amount of rules: 94627.
		Level: 6 - amount of rules: 82551.
		Level: 5 - amount of rules: 65738.
		Level: 4 - amount of rules: 44639.
		Level: 3 - amount of rules: 25164.
		Level: 2 - amount of rules: 12799.
		Level: 1 - amount of rules: 6401.
	The extracted strings was saved in: [32mreport/2025-08-12/extract/pseudo-real-dna.001.1_result_extract_gc2_len10000.txt[0m
malloc_count ### exiting, total: 50,476,044, peak: 4,651,235, current: 4,096
Time: 0.351603585000000(s)

		 [33m Checking if the response file is the same as the expected file [0m


			 [0;32m The files are the same. [0m

	Compressed file information:
		Size of Tuples: 4
		Amount of levels: 7
Tamanho do símbolo inicial: 6401
		Level: 7 - amount of rules: 259.
		Level: 6 - amount of rules: 165408.
		Level: 5 - amount of rules: 115452.
		Level: 4 - amount of rules: 94627.
		Level: 3 - amount of rules: 65738.
		Level: 2 - amount of rules: 25164.
		Level: 1 - amount of rules: 6401.
	The extracted strings was saved in: [32mreport/2025-08-12/extract/pseudo-real-dna.001.1_result_extract_gc4_len10000.txt[0m
malloc_count ### exiting, total: 50,152,286, peak: 4,327,477, current: 4,096
Time: 0.149942834000000(s)

		 [33m Checking if the response file is the same as the expected file [0m


			 [0;32m The files are the same. [0m


	[34mPreparing for extract operation on the real-einstein.de.txt file. [0m


[33m Generating expected responses for searched interval...[0m

	 [33mStarting extract with GCX - real-einstein.de.txt - INTERVAL SIZE 1.[0m
	Using initial window of size 2 for LCP calculation.

[32mStarting to extract ...
[0m	Compressed file information:

		Amount of levels: 1
		Size initial partition: 2
		Initial symbol size: 46379221
		Level: 1 - amount of rules: 3163 - size of rules 2.
	The extracted strings was saved in: [32mreport/2025-08-12/extract/real-einstein.de.txt_1_substrings_results.txt[0m
malloc_count ### exiting, total: 203,031,100, peak: 157,206,291, current: 4,096
Time: 0.001595304000000(s)

		 [33m Checking if the response file is the same as the expected file [0m


			 [0;32m The files are the same. [0m


	 [33mStarting extract with GCX - real-einstein.de.txt - INTERVAL SIZE 1.[0m
	Using initial window of size 4 for LCP calculation.

[32mStarting to extract ...
[0m	Compressed file information:

		Amount of levels: 2
		Size initial partition: 4
		Initial symbol size: 23189612
		Level: 2 - amount of rules: 3164 - size of rules 2.
		Level: 1 - amount of rules: 34936 - size of rules 2.
	The extracted strings was saved in: [32mreport/2025-08-12/extract/real-einstein.de.txt_1_substrings_results.txt[0m
malloc_count ### exiting, total: 121,981,070, peak: 76,156,261, current: 4,096
Time: 0.001570622000000(s)

		 [33m Checking if the response file is the same as the expected file [0m


			 [0;32m The files are the same. [0m


	 [33mStarting extract with GC* - INTERVAL SIZE 1.[0m
	Compressed file information:
		Size of Tuples: 2
		Amount of levels: 16
Tamanho do símbolo inicial: 1417
		Level: 16 - amount of rules: 3163.
		Level: 15 - amount of rules: 34935.
		Level: 14 - amount of rules: 108966.
		Level: 13 - amount of rules: 164380.
		Level: 12 - amount of rules: 208478.
		Level: 11 - amount of rules: 249728.
		Level: 10 - amount of rules: 264392.
		Level: 9 - amount of rules: 227091.
		Level: 8 - amount of rules: 151940.
		Level: 7 - amount of rules: 85336.
		Level: 6 - amount of rules: 44381.
		Level: 5 - amount of rules: 22503.
		Level: 4 - amount of rules: 11300.
		Level: 3 - amount of rules: 5659.
		Level: 2 - amount of rules: 2831.
		Level: 1 - amount of rules: 1417.
	The extracted strings was saved in: [32mreport/2025-08-12/extract/real-einstein.de.txt_result_extract_gc2_len1.txt[0m
malloc_count ### exiting, total: 53,891,684, peak: 8,066,875, current: 4,096
Time: 0.004973040000000(s)

		 [33m Checking if the response file is the same as the expected file [0m


			 [0;32m The files are the same. [0m

	Compressed file information:
		Size of Tuples: 4
		Amount of levels: 8
Tamanho do símbolo inicial: 1416
		Level: 8 - amount of rules: 34935.
		Level: 7 - amount of rules: 164379.
		Level: 6 - amount of rules: 249727.
		Level: 5 - amount of rules: 227090.
		Level: 4 - amount of rules: 85335.
		Level: 3 - amount of rules: 22502.
		Level: 2 - amount of rules: 5658.
		Level: 1 - amount of rules: 1416.
	The extracted strings was saved in: [32mreport/2025-08-12/extract/real-einstein.de.txt_result_extract_gc4_len1.txt[0m
malloc_count ### exiting, total: 53,632,514, peak: 7,807,705, current: 4,096
Time: 0.003051722000000(s)

		 [33m Checking if the response file is the same as the expected file [0m


			 [0;32m The files are the same. [0m


[33m Generating expected responses for searched interval...[0m

	 [33mStarting extract with GCX - real-einstein.de.txt - INTERVAL SIZE 10.[0m
	Using initial window of size 2 for LCP calculation.

[32mStarting to extract ...
[0m	Compressed file information:

		Amount of levels: 1
		Size initial partition: 2
		Initial symbol size: 46379221
		Level: 1 - amount of rules: 3163 - size of rules 2.
	The extracted strings was saved in: [32mreport/2025-08-12/extract/real-einstein.de.txt_10_substrings_results.txt[0m
malloc_count ### exiting, total: 203,031,100, peak: 157,206,291, current: 4,096
Time: 0.001701068000000(s)

		 [33m Checking if the response file is the same as the expected file [0m


			 [0;32m The files are the same. [0m


	 [33mStarting extract with GCX - real-einstein.de.txt - INTERVAL SIZE 10.[0m
	Using initial window of size 4 for LCP calculation.

[32mStarting to extract ...
[0m	Compressed file information:

		Amount of levels: 2
		Size initial partition: 4
		Initial symbol size: 23189612
		Level: 2 - amount of rules: 3164 - size of rules 2.
		Level: 1 - amount of rules: 34936 - size of rules 2.
	The extracted strings was saved in: [32mreport/2025-08-12/extract/real-einstein.de.txt_10_substrings_results.txt[0m
malloc_count ### exiting, total: 121,981,070, peak: 76,156,261, current: 4,096
Time: 0.001656449000000(s)

		 [33m Checking if the response file is the same as the expected file [0m


			 [0;32m The files are the same. [0m


	 [33mStarting extract with GC* - INTERVAL SIZE 10.[0m
	Compressed file information:
		Size of Tuples: 2
		Amount of levels: 16
Tamanho do símbolo inicial: 1417
		Level: 16 - amount of rules: 3163.
		Level: 15 - amount of rules: 34935.
		Level: 14 - amount of rules: 108966.
		Level: 13 - amount of rules: 164380.
		Level: 12 - amount of rules: 208478.
		Level: 11 - amount of rules: 249728.
		Level: 10 - amount of rules: 264392.
		Level: 9 - amount of rules: 227091.
		Level: 8 - amount of rules: 151940.
		Level: 7 - amount of rules: 85336.
		Level: 6 - amount of rules: 44381.
		Level: 5 - amount of rules: 22503.
		Level: 4 - amount of rules: 11300.
		Level: 3 - amount of rules: 5659.
		Level: 2 - amount of rules: 2831.
		Level: 1 - amount of rules: 1417.
	The extracted strings was saved in: [32mreport/2025-08-12/extract/real-einstein.de.txt_result_extract_gc2_len10.txt[0m
malloc_count ### exiting, total: 53,891,684, peak: 8,066,875, current: 4,096
Time: 0.005809093000000(s)

		 [33m Checking if the response file is the same as the expected file [0m


			 [0;32m The files are the same. [0m

	Compressed file information:
		Size of Tuples: 4
		Amount of levels: 8
Tamanho do símbolo inicial: 1416
		Level: 8 - amount of rules: 34935.
		Level: 7 - amount of rules: 164379.
		Level: 6 - amount of rules: 249727.
		Level: 5 - amount of rules: 227090.
		Level: 4 - amount of rules: 85335.
		Level: 3 - amount of rules: 22502.
		Level: 2 - amount of rules: 5658.
		Level: 1 - amount of rules: 1416.
	The extracted strings was saved in: [32mreport/2025-08-12/extract/real-einstein.de.txt_result_extract_gc4_len10.txt[0m
malloc_count ### exiting, total: 53,632,514, peak: 7,807,705, current: 4,096
Time: 0.003407757000000(s)

		 [33m Checking if the response file is the same as the expected file [0m


			 [0;32m The files are the same. [0m


[33m Generating expected responses for searched interval...[0m

	 [33mStarting extract with GCX - real-einstein.de.txt - INTERVAL SIZE 100.[0m
	Using initial window of size 2 for LCP calculation.

[32mStarting to extract ...
[0m	Compressed file information:

		Amount of levels: 1
		Size initial partition: 2
		Initial symbol size: 46379221
		Level: 1 - amount of rules: 3163 - size of rules 2.
	The extracted strings was saved in: [32mreport/2025-08-12/extract/real-einstein.de.txt_100_substrings_results.txt[0m
malloc_count ### exiting, total: 203,031,100, peak: 157,206,291, current: 4,096
Time: 0.003085699000000(s)

		 [33m Checking if the response file is the same as the expected file [0m


			 [0;32m The files are the same. [0m


	 [33mStarting extract with GCX - real-einstein.de.txt - INTERVAL SIZE 100.[0m
	Using initial window of size 4 for LCP calculation.

[32mStarting to extract ...
[0m	Compressed file information:

		Amount of levels: 2
		Size initial partition: 4
		Initial symbol size: 23189612
		Level: 2 - amount of rules: 3164 - size of rules 2.
		Level: 1 - amount of rules: 34936 - size of rules 2.
	The extracted strings was saved in: [32mreport/2025-08-12/extract/real-einstein.de.txt_100_substrings_results.txt[0m
malloc_count ### exiting, total: 121,981,070, peak: 76,156,261, current: 4,096
Time: 0.004451385000000(s)

		 [33m Checking if the response file is the same as the expected file [0m


			 [0;32m The files are the same. [0m


	 [33mStarting extract with GC* - INTERVAL SIZE 100.[0m
	Compressed file information:
		Size of Tuples: 2
		Amount of levels: 16
Tamanho do símbolo inicial: 1417
		Level: 16 - amount of rules: 3163.
		Level: 15 - amount of rules: 34935.
		Level: 14 - amount of rules: 108966.
		Level: 13 - amount of rules: 164380.
		Level: 12 - amount of rules: 208478.
		Level: 11 - amount of rules: 249728.
		Level: 10 - amount of rules: 264392.
		Level: 9 - amount of rules: 227091.
		Level: 8 - amount of rules: 151940.
		Level: 7 - amount of rules: 85336.
		Level: 6 - amount of rules: 44381.
		Level: 5 - amount of rules: 22503.
		Level: 4 - amount of rules: 11300.
		Level: 3 - amount of rules: 5659.
		Level: 2 - amount of rules: 2831.
		Level: 1 - amount of rules: 1417.
	The extracted strings was saved in: [32mreport/2025-08-12/extract/real-einstein.de.txt_result_extract_gc2_len100.txt[0m
malloc_count ### exiting, total: 53,891,684, peak: 8,066,875, current: 4,096
Time: 0.009236802000000(s)

		 [33m Checking if the response file is the same as the expected file [0m


			 [0;32m The files are the same. [0m

	Compressed file information:
		Size of Tuples: 4
		Amount of levels: 8
Tamanho do símbolo inicial: 1416
		Level: 8 - amount of rules: 34935.
		Level: 7 - amount of rules: 164379.
		Level: 6 - amount of rules: 249727.
		Level: 5 - amount of rules: 227090.
		Level: 4 - amount of rules: 85335.
		Level: 3 - amount of rules: 22502.
		Level: 2 - amount of rules: 5658.
		Level: 1 - amount of rules: 1416.
	The extracted strings was saved in: [32mreport/2025-08-12/extract/real-einstein.de.txt_result_extract_gc4_len100.txt[0m
malloc_count ### exiting, total: 53,632,514, peak: 7,807,705, current: 4,096
Time: 0.005125871000000(s)

		 [33m Checking if the response file is the same as the expected file [0m


			 [0;32m The files are the same. [0m


[33m Generating expected responses for searched interval...[0m

	 [33mStarting extract with GCX - real-einstein.de.txt - INTERVAL SIZE 1000.[0m
	Using initial window of size 2 for LCP calculation.

[32mStarting to extract ...
[0m	Compressed file information:

		Amount of levels: 1
		Size initial partition: 2
		Initial symbol size: 46379221
		Level: 1 - amount of rules: 3163 - size of rules 2.
	The extracted strings was saved in: [32mreport/2025-08-12/extract/real-einstein.de.txt_1000_substrings_results.txt[0m
malloc_count ### exiting, total: 203,031,100, peak: 157,206,291, current: 4,096
Time: 0.016415917000000(s)

		 [33m Checking if the response file is the same as the expected file [0m


			 [0;32m The files are the same. [0m


	 [33mStarting extract with GCX - real-einstein.de.txt - INTERVAL SIZE 1000.[0m
	Using initial window of size 4 for LCP calculation.

[32mStarting to extract ...
[0m	Compressed file information:

		Amount of levels: 2
		Size initial partition: 4
		Initial symbol size: 23189612
		Level: 2 - amount of rules: 3164 - size of rules 2.
		Level: 1 - amount of rules: 34936 - size of rules 2.
	The extracted strings was saved in: [32mreport/2025-08-12/extract/real-einstein.de.txt_1000_substrings_results.txt[0m
malloc_count ### exiting, total: 121,981,070, peak: 76,156,261, current: 4,096
Time: 0.027992943000000(s)

		 [33m Checking if the response file is the same as the expected file [0m


			 [0;32m The files are the same. [0m


	 [33mStarting extract with GC* - INTERVAL SIZE 1000.[0m
	Compressed file information:
		Size of Tuples: 2
		Amount of levels: 16
Tamanho do símbolo inicial: 1417
		Level: 16 - amount of rules: 3163.
		Level: 15 - amount of rules: 34935.
		Level: 14 - amount of rules: 108966.
		Level: 13 - amount of rules: 164380.
		Level: 12 - amount of rules: 208478.
		Level: 11 - amount of rules: 249728.
		Level: 10 - amount of rules: 264392.
		Level: 9 - amount of rules: 227091.
		Level: 8 - amount of rules: 151940.
		Level: 7 - amount of rules: 85336.
		Level: 6 - amount of rules: 44381.
		Level: 5 - amount of rules: 22503.
		Level: 4 - amount of rules: 11300.
		Level: 3 - amount of rules: 5659.
		Level: 2 - amount of rules: 2831.
		Level: 1 - amount of rules: 1417.
	The extracted strings was saved in: [32mreport/2025-08-12/extract/real-einstein.de.txt_result_extract_gc2_len1000.txt[0m
malloc_count ### exiting, total: 53,891,684, peak: 8,066,875, current: 4,096
Time: 0.046415484000000(s)

		 [33m Checking if the response file is the same as the expected file [0m


			 [0;32m The files are the same. [0m

	Compressed file information:
		Size of Tuples: 4
		Amount of levels: 8
Tamanho do símbolo inicial: 1416
		Level: 8 - amount of rules: 34935.
		Level: 7 - amount of rules: 164379.
		Level: 6 - amount of rules: 249727.
		Level: 5 - amount of rules: 227090.
		Level: 4 - amount of rules: 85335.
		Level: 3 - amount of rules: 22502.
		Level: 2 - amount of rules: 5658.
		Level: 1 - amount of rules: 1416.
	The extracted strings was saved in: [32mreport/2025-08-12/extract/real-einstein.de.txt_result_extract_gc4_len1000.txt[0m
malloc_count ### exiting, total: 53,632,514, peak: 7,807,705, current: 4,096
Time: 0.021164369000000(s)

		 [33m Checking if the response file is the same as the expected file [0m


			 [0;32m The files are the same. [0m


[33m Generating expected responses for searched interval...[0m

	 [33mStarting extract with GCX - real-einstein.de.txt - INTERVAL SIZE 10000.[0m
	Using initial window of size 2 for LCP calculation.

[32mStarting to extract ...
[0m	Compressed file information:

		Amount of levels: 1
		Size initial partition: 2
		Initial symbol size: 46379221
		Level: 1 - amount of rules: 3163 - size of rules 2.
	The extracted strings was saved in: [32mreport/2025-08-12/extract/real-einstein.de.txt_10000_substrings_results.txt[0m
malloc_count ### exiting, total: 203,031,100, peak: 157,206,291, current: 4,096
Time: 0.140818339000000(s)

		 [33m Checking if the response file is the same as the expected file [0m


			 [0;32m The files are the same. [0m


	 [33mStarting extract with GCX - real-einstein.de.txt - INTERVAL SIZE 10000.[0m
	Using initial window of size 4 for LCP calculation.

[32mStarting to extract ...
[0m	Compressed file information:

		Amount of levels: 2
		Size initial partition: 4
		Initial symbol size: 23189612
		Level: 2 - amount of rules: 3164 - size of rules 2.
		Level: 1 - amount of rules: 34936 - size of rules 2.
	The extracted strings was saved in: [32mreport/2025-08-12/extract/real-einstein.de.txt_10000_substrings_results.txt[0m
malloc_count ### exiting, total: 121,981,070, peak: 76,156,261, current: 4,096
Time: 0.259451419000000(s)

		 [33m Checking if the response file is the same as the expected file [0m


			 [0;32m The files are the same. [0m


	 [33mStarting extract with GC* - INTERVAL SIZE 10000.[0m
	Compressed file information:
		Size of Tuples: 2
		Amount of levels: 16
Tamanho do símbolo inicial: 1417
		Level: 16 - amount of rules: 3163.
		Level: 15 - amount of rules: 34935.
		Level: 14 - amount of rules: 108966.
		Level: 13 - amount of rules: 164380.
		Level: 12 - amount of rules: 208478.
		Level: 11 - amount of rules: 249728.
		Level: 10 - amount of rules: 264392.
		Level: 9 - amount of rules: 227091.
		Level: 8 - amount of rules: 151940.
		Level: 7 - amount of rules: 85336.
		Level: 6 - amount of rules: 44381.
		Level: 5 - amount of rules: 22503.
		Level: 4 - amount of rules: 11300.
		Level: 3 - amount of rules: 5659.
		Level: 2 - amount of rules: 2831.
		Level: 1 - amount of rules: 1417.
	The extracted strings was saved in: [32mreport/2025-08-12/extract/real-einstein.de.txt_result_extract_gc2_len10000.txt[0m
malloc_count ### exiting, total: 53,891,684, peak: 8,066,875, current: 4,096
Time: 0.417844313000000(s)

		 [33m Checking if the response file is the same as the expected file [0m


			 [0;32m The files are the same. [0m

	Compressed file information:
		Size of Tuples: 4
		Amount of levels: 8
Tamanho do símbolo inicial: 1416
		Level: 8 - amount of rules: 34935.
		Level: 7 - amount of rules: 164379.
		Level: 6 - amount of rules: 249727.
		Level: 5 - amount of rules: 227090.
		Level: 4 - amount of rules: 85335.
		Level: 3 - amount of rules: 22502.
		Level: 2 - amount of rules: 5658.
		Level: 1 - amount of rules: 1416.
	The extracted strings was saved in: [32mreport/2025-08-12/extract/real-einstein.de.txt_result_extract_gc4_len10000.txt[0m
malloc_count ### exiting, total: 53,632,514, peak: 7,807,705, current: 4,096
Time: 0.163207393000000(s)

		 [33m Checking if the response file is the same as the expected file [0m


			 [0;32m The files are the same. [0m


	[34mPreparing for extract operation on the real-einstein.en.txt file. [0m


[33m Generating expected responses for searched interval...[0m

	 [33mStarting extract with GCX - real-einstein.en.txt - INTERVAL SIZE 1.[0m
	Using initial window of size 2 for LCP calculation.

[32mStarting to extract ...
[0m	Compressed file information:

		Amount of levels: 1
		Size initial partition: 2
		Initial symbol size: 233813273
		Level: 1 - amount of rules: 4168 - size of rules 2.
	The extracted strings was saved in: [32mreport/2025-08-12/extract/real-einstein.en.txt_1_substrings_results.txt[0m
malloc_count ### exiting, total: 894,076,358, peak: 848,251,549, current: 4,096
Time: 0.002187373000000(s)

		 [33m Checking if the response file is the same as the expected file [0m


			 [0;32m The files are the same. [0m


	 [33mStarting extract with GCX - real-einstein.en.txt - INTERVAL SIZE 1.[0m
	Using initial window of size 4 for LCP calculation.

[32mStarting to extract ...
[0m	Compressed file information:

		Amount of levels: 2
		Size initial partition: 4
		Initial symbol size: 116906638
		Level: 2 - amount of rules: 4168 - size of rules 2.
		Level: 1 - amount of rules: 56339 - size of rules 2.
	The extracted strings was saved in: [32mreport/2025-08-12/extract/real-einstein.en.txt_1_substrings_results.txt[0m
malloc_count ### exiting, total: 455,873,726, peak: 410,048,917, current: 4,096
Time: 0.002108186000000(s)

		 [33m Checking if the response file is the same as the expected file [0m


			 [0;32m The files are the same. [0m


	 [33mStarting extract with GC* - INTERVAL SIZE 1.[0m
	Compressed file information:
		Size of Tuples: 2
		Amount of levels: 17
Tamanho do símbolo inicial: 3569
		Level: 17 - amount of rules: 4168.
		Level: 16 - amount of rules: 56338.
		Level: 15 - amount of rules: 193298.
		Level: 14 - amount of rules: 286991.
		Level: 13 - amount of rules: 346510.
		Level: 12 - amount of rules: 420995.
		Level: 11 - amount of rules: 499274.
		Level: 10 - amount of rules: 540925.
		Level: 9 - amount of rules: 494456.
		Level: 8 - amount of rules: 357418.
		Level: 7 - amount of rules: 210654.
		Level: 6 - amount of rules: 111321.
		Level: 5 - amount of rules: 56648.
		Level: 4 - amount of rules: 28475.
		Level: 3 - amount of rules: 14260.
		Level: 2 - amount of rules: 7136.
		Level: 1 - amount of rules: 3569.
	The extracted strings was saved in: [32mreport/2025-08-12/extract/real-einstein.en.txt_result_extract_gc2_len1.txt[0m
malloc_count ### exiting, total: 64,367,602, peak: 18,542,793, current: 4,096
Time: 0.007875775000000(s)

		 [33m Checking if the response file is the same as the expected file [0m


			 [0;32m The files are the same. [0m

	Compressed file information:
		Size of Tuples: 4
		Amount of levels: 9
Tamanho do símbolo inicial: 1785
		Level: 9 - amount of rules: 56338.
		Level: 8 - amount of rules: 286991.
		Level: 7 - amount of rules: 420995.
		Level: 6 - amount of rules: 540924.
		Level: 5 - amount of rules: 357417.
		Level: 4 - amount of rules: 111320.
		Level: 3 - amount of rules: 28474.
		Level: 2 - amount of rules: 7135.
		Level: 1 - amount of rules: 1785.
	The extracted strings was saved in: [32mreport/2025-08-12/extract/real-einstein.en.txt_result_extract_gc4_len1.txt[0m
malloc_count ### exiting, total: 63,973,906, peak: 18,149,097, current: 4,096
Time: 0.003937365000000(s)

		 [33m Checking if the response file is the same as the expected file [0m


			 [0;32m The files are the same. [0m


[33m Generating expected responses for searched interval...[0m

	 [33mStarting extract with GCX - real-einstein.en.txt - INTERVAL SIZE 10.[0m
	Using initial window of size 2 for LCP calculation.

[32mStarting to extract ...
[0m	Compressed file information:

		Amount of levels: 1
		Size initial partition: 2
		Initial symbol size: 233813273
		Level: 1 - amount of rules: 4168 - size of rules 2.
	The extracted strings was saved in: [32mreport/2025-08-12/extract/real-einstein.en.txt_10_substrings_results.txt[0m
malloc_count ### exiting, total: 894,076,358, peak: 848,251,549, current: 4,096
Time: 0.002323431000000(s)

		 [33m Checking if the response file is the same as the expected file [0m


			 [0;32m The files are the same. [0m


	 [33mStarting extract with GCX - real-einstein.en.txt - INTERVAL SIZE 10.[0m
	Using initial window of size 4 for LCP calculation.

[32mStarting to extract ...
[0m	Compressed file information:

		Amount of levels: 2
		Size initial partition: 4
		Initial symbol size: 116906638
		Level: 2 - amount of rules: 4168 - size of rules 2.
		Level: 1 - amount of rules: 56339 - size of rules 2.
	The extracted strings was saved in: [32mreport/2025-08-12/extract/real-einstein.en.txt_10_substrings_results.txt[0m
malloc_count ### exiting, total: 455,873,726, peak: 410,048,917, current: 4,096
Time: 0.002314478000000(s)

		 [33m Checking if the response file is the same as the expected file [0m


			 [0;32m The files are the same. [0m


	 [33mStarting extract with GC* - INTERVAL SIZE 10.[0m
	Compressed file information:
		Size of Tuples: 2
		Amount of levels: 17
Tamanho do símbolo inicial: 3569
		Level: 17 - amount of rules: 4168.
		Level: 16 - amount of rules: 56338.
		Level: 15 - amount of rules: 193298.
		Level: 14 - amount of rules: 286991.
		Level: 13 - amount of rules: 346510.
		Level: 12 - amount of rules: 420995.
		Level: 11 - amount of rules: 499274.
		Level: 10 - amount of rules: 540925.
		Level: 9 - amount of rules: 494456.
		Level: 8 - amount of rules: 357418.
		Level: 7 - amount of rules: 210654.
		Level: 6 - amount of rules: 111321.
		Level: 5 - amount of rules: 56648.
		Level: 4 - amount of rules: 28475.
		Level: 3 - amount of rules: 14260.
		Level: 2 - amount of rules: 7136.
		Level: 1 - amount of rules: 3569.
	The extracted strings was saved in: [32mreport/2025-08-12/extract/real-einstein.en.txt_result_extract_gc2_len10.txt[0m
malloc_count ### exiting, total: 64,367,602, peak: 18,542,793, current: 4,096
Time: 0.005956595000000(s)

		 [33m Checking if the response file is the same as the expected file [0m


			 [0;32m The files are the same. [0m

	Compressed file information:
		Size of Tuples: 4
		Amount of levels: 9
Tamanho do símbolo inicial: 1785
		Level: 9 - amount of rules: 56338.
		Level: 8 - amount of rules: 286991.
		Level: 7 - amount of rules: 420995.
		Level: 6 - amount of rules: 540924.
		Level: 5 - amount of rules: 357417.
		Level: 4 - amount of rules: 111320.
		Level: 3 - amount of rules: 28474.
		Level: 2 - amount of rules: 7135.
		Level: 1 - amount of rules: 1785.
	The extracted strings was saved in: [32mreport/2025-08-12/extract/real-einstein.en.txt_result_extract_gc4_len10.txt[0m
malloc_count ### exiting, total: 63,973,906, peak: 18,149,097, current: 4,096
Time: 0.005097169000000(s)

		 [33m Checking if the response file is the same as the expected file [0m


			 [0;32m The files are the same. [0m


[33m Generating expected responses for searched interval...[0m

	 [33mStarting extract with GCX - real-einstein.en.txt - INTERVAL SIZE 100.[0m
	Using initial window of size 2 for LCP calculation.

[32mStarting to extract ...
[0m	Compressed file information:

		Amount of levels: 1
		Size initial partition: 2
		Initial symbol size: 233813273
		Level: 1 - amount of rules: 4168 - size of rules 2.
	The extracted strings was saved in: [32mreport/2025-08-12/extract/real-einstein.en.txt_100_substrings_results.txt[0m
malloc_count ### exiting, total: 894,076,358, peak: 848,251,549, current: 4,096
Time: 0.003707080000000(s)

		 [33m Checking if the response file is the same as the expected file [0m


			 [0;32m The files are the same. [0m


	 [33mStarting extract with GCX - real-einstein.en.txt - INTERVAL SIZE 100.[0m
	Using initial window of size 4 for LCP calculation.

[32mStarting to extract ...
[0m	Compressed file information:

		Amount of levels: 2
		Size initial partition: 4
		Initial symbol size: 116906638
		Level: 2 - amount of rules: 4168 - size of rules 2.
		Level: 1 - amount of rules: 56339 - size of rules 2.
	The extracted strings was saved in: [32mreport/2025-08-12/extract/real-einstein.en.txt_100_substrings_results.txt[0m
malloc_count ### exiting, total: 455,873,726, peak: 410,048,917, current: 4,096
Time: 0.005238723000000(s)

		 [33m Checking if the response file is the same as the expected file [0m


			 [0;32m The files are the same. [0m


	 [33mStarting extract with GC* - INTERVAL SIZE 100.[0m
	Compressed file information:
		Size of Tuples: 2
		Amount of levels: 17
Tamanho do símbolo inicial: 3569
		Level: 17 - amount of rules: 4168.
		Level: 16 - amount of rules: 56338.
		Level: 15 - amount of rules: 193298.
		Level: 14 - amount of rules: 286991.
		Level: 13 - amount of rules: 346510.
		Level: 12 - amount of rules: 420995.
		Level: 11 - amount of rules: 499274.
		Level: 10 - amount of rules: 540925.
		Level: 9 - amount of rules: 494456.
		Level: 8 - amount of rules: 357418.
		Level: 7 - amount of rules: 210654.
		Level: 6 - amount of rules: 111321.
		Level: 5 - amount of rules: 56648.
		Level: 4 - amount of rules: 28475.
		Level: 3 - amount of rules: 14260.
		Level: 2 - amount of rules: 7136.
		Level: 1 - amount of rules: 3569.
	The extracted strings was saved in: [32mreport/2025-08-12/extract/real-einstein.en.txt_result_extract_gc2_len100.txt[0m
malloc_count ### exiting, total: 64,367,602, peak: 18,542,793, current: 4,096
Time: 0.010958899000000(s)

		 [33m Checking if the response file is the same as the expected file [0m


			 [0;32m The files are the same. [0m

	Compressed file information:
		Size of Tuples: 4
		Amount of levels: 9
Tamanho do símbolo inicial: 1785
		Level: 9 - amount of rules: 56338.
		Level: 8 - amount of rules: 286991.
		Level: 7 - amount of rules: 420995.
		Level: 6 - amount of rules: 540924.
		Level: 5 - amount of rules: 357417.
		Level: 4 - amount of rules: 111320.
		Level: 3 - amount of rules: 28474.
		Level: 2 - amount of rules: 7135.
		Level: 1 - amount of rules: 1785.
	The extracted strings was saved in: [32mreport/2025-08-12/extract/real-einstein.en.txt_result_extract_gc4_len100.txt[0m
malloc_count ### exiting, total: 63,973,906, peak: 18,149,097, current: 4,096
Time: 0.004984020000000(s)

		 [33m Checking if the response file is the same as the expected file [0m


			 [0;32m The files are the same. [0m


[33m Generating expected responses for searched interval...[0m

	 [33mStarting extract with GCX - real-einstein.en.txt - INTERVAL SIZE 1000.[0m
	Using initial window of size 2 for LCP calculation.

[32mStarting to extract ...
[0m	Compressed file information:

		Amount of levels: 1
		Size initial partition: 2
		Initial symbol size: 233813273
		Level: 1 - amount of rules: 4168 - size of rules 2.
	The extracted strings was saved in: [32mreport/2025-08-12/extract/real-einstein.en.txt_1000_substrings_results.txt[0m
malloc_count ### exiting, total: 894,076,358, peak: 848,251,549, current: 4,096
Time: 0.017223345000000(s)

		 [33m Checking if the response file is the same as the expected file [0m


			 [0;32m The files are the same. [0m


	 [33mStarting extract with GCX - real-einstein.en.txt - INTERVAL SIZE 1000.[0m
	Using initial window of size 4 for LCP calculation.

[32mStarting to extract ...
[0m	Compressed file information:

		Amount of levels: 2
		Size initial partition: 4
		Initial symbol size: 116906638
		Level: 2 - amount of rules: 4168 - size of rules 2.
		Level: 1 - amount of rules: 56339 - size of rules 2.
	The extracted strings was saved in: [32mreport/2025-08-12/extract/real-einstein.en.txt_1000_substrings_results.txt[0m
malloc_count ### exiting, total: 455,873,726, peak: 410,048,917, current: 4,096
Time: 0.028997403000000(s)

		 [33m Checking if the response file is the same as the expected file [0m


			 [0;32m The files are the same. [0m


	 [33mStarting extract with GC* - INTERVAL SIZE 1000.[0m
	Compressed file information:
		Size of Tuples: 2
		Amount of levels: 17
Tamanho do símbolo inicial: 3569
		Level: 17 - amount of rules: 4168.
		Level: 16 - amount of rules: 56338.
		Level: 15 - amount of rules: 193298.
		Level: 14 - amount of rules: 286991.
		Level: 13 - amount of rules: 346510.
		Level: 12 - amount of rules: 420995.
		Level: 11 - amount of rules: 499274.
		Level: 10 - amount of rules: 540925.
		Level: 9 - amount of rules: 494456.
		Level: 8 - amount of rules: 357418.
		Level: 7 - amount of rules: 210654.
		Level: 6 - amount of rules: 111321.
		Level: 5 - amount of rules: 56648.
		Level: 4 - amount of rules: 28475.
		Level: 3 - amount of rules: 14260.
		Level: 2 - amount of rules: 7136.
		Level: 1 - amount of rules: 3569.
	The extracted strings was saved in: [32mreport/2025-08-12/extract/real-einstein.en.txt_result_extract_gc2_len1000.txt[0m
malloc_count ### exiting, total: 64,367,602, peak: 18,542,793, current: 4,096
Time: 0.052853580000000(s)

		 [33m Checking if the response file is the same as the expected file [0m


			 [0;32m The files are the same. [0m

	Compressed file information:
		Size of Tuples: 4
		Amount of levels: 9
Tamanho do símbolo inicial: 1785
		Level: 9 - amount of rules: 56338.
		Level: 8 - amount of rules: 286991.
		Level: 7 - amount of rules: 420995.
		Level: 6 - amount of rules: 540924.
		Level: 5 - amount of rules: 357417.
		Level: 4 - amount of rules: 111320.
		Level: 3 - amount of rules: 28474.
		Level: 2 - amount of rules: 7135.
		Level: 1 - amount of rules: 1785.
	The extracted strings was saved in: [32mreport/2025-08-12/extract/real-einstein.en.txt_result_extract_gc4_len1000.txt[0m
malloc_count ### exiting, total: 63,973,906, peak: 18,149,097, current: 4,096
Time: 0.024698714000000(s)

		 [33m Checking if the response file is the same as the expected file [0m


			 [0;32m The files are the same. [0m


[33m Generating expected responses for searched interval...[0m

	 [33mStarting extract with GCX - real-einstein.en.txt - INTERVAL SIZE 10000.[0m
	Using initial window of size 2 for LCP calculation.

[32mStarting to extract ...
[0m	Compressed file information:

		Amount of levels: 1
		Size initial partition: 2
		Initial symbol size: 233813273
		Level: 1 - amount of rules: 4168 - size of rules 2.
	The extracted strings was saved in: [32mreport/2025-08-12/extract/real-einstein.en.txt_10000_substrings_results.txt[0m
malloc_count ### exiting, total: 894,076,358, peak: 848,251,549, current: 4,096
Time: 0.142754072000000(s)

		 [33m Checking if the response file is the same as the expected file [0m


			 [0;32m The files are the same. [0m


	 [33mStarting extract with GCX - real-einstein.en.txt - INTERVAL SIZE 10000.[0m
	Using initial window of size 4 for LCP calculation.

[32mStarting to extract ...
[0m	Compressed file information:

		Amount of levels: 2
		Size initial partition: 4
		Initial symbol size: 116906638
		Level: 2 - amount of rules: 4168 - size of rules 2.
		Level: 1 - amount of rules: 56339 - size of rules 2.
	The extracted strings was saved in: [32mreport/2025-08-12/extract/real-einstein.en.txt_10000_substrings_results.txt[0m
malloc_count ### exiting, total: 455,873,726, peak: 410,048,917, current: 4,096
Time: 0.260802547000000(s)

		 [33m Checking if the response file is the same as the expected file [0m


			 [0;32m The files are the same. [0m


	 [33mStarting extract with GC* - INTERVAL SIZE 10000.[0m
	Compressed file information:
		Size of Tuples: 2
		Amount of levels: 17
Tamanho do símbolo inicial: 3569
		Level: 17 - amount of rules: 4168.
		Level: 16 - amount of rules: 56338.
		Level: 15 - amount of rules: 193298.
		Level: 14 - amount of rules: 286991.
		Level: 13 - amount of rules: 346510.
		Level: 12 - amount of rules: 420995.
		Level: 11 - amount of rules: 499274.
		Level: 10 - amount of rules: 540925.
		Level: 9 - amount of rules: 494456.
		Level: 8 - amount of rules: 357418.
		Level: 7 - amount of rules: 210654.
		Level: 6 - amount of rules: 111321.
		Level: 5 - amount of rules: 56648.
		Level: 4 - amount of rules: 28475.
		Level: 3 - amount of rules: 14260.
		Level: 2 - amount of rules: 7136.
		Level: 1 - amount of rules: 3569.
	The extracted strings was saved in: [32mreport/2025-08-12/extract/real-einstein.en.txt_result_extract_gc2_len10000.txt[0m
malloc_count ### exiting, total: 64,367,602, peak: 18,542,793, current: 4,096
Time: 0.429478826000000(s)

		 [33m Checking if the response file is the same as the expected file [0m


			 [0;32m The files are the same. [0m

	Compressed file information:
		Size of Tuples: 4
		Amount of levels: 9
Tamanho do símbolo inicial: 1785
		Level: 9 - amount of rules: 56338.
		Level: 8 - amount of rules: 286991.
		Level: 7 - amount of rules: 420995.
		Level: 6 - amount of rules: 540924.
		Level: 5 - amount of rules: 357417.
		Level: 4 - amount of rules: 111320.
		Level: 3 - amount of rules: 28474.
		Level: 2 - amount of rules: 7135.
		Level: 1 - amount of rules: 1785.
	The extracted strings was saved in: [32mreport/2025-08-12/extract/real-einstein.en.txt_result_extract_gc4_len10000.txt[0m
malloc_count ### exiting, total: 63,973,906, peak: 18,149,097, current: 4,096
Time: 0.175559024000000(s)

		 [33m Checking if the response file is the same as the expected file [0m


			 [0;32m The files are the same. [0m


	[34mPreparing for extract operation on the pseudo-real-english.001.2 file. [0m


[33m Generating expected responses for searched interval...[0m

	 [33mStarting extract with GCX - pseudo-real-english.001.2 - INTERVAL SIZE 1.[0m
	Using initial window of size 2 for LCP calculation.

[32mStarting to extract ...
[0m	Compressed file information:

		Amount of levels: 1
		Size initial partition: 2
		Initial symbol size: 52428801
		Level: 1 - amount of rules: 3903 - size of rules 2.
	The extracted strings was saved in: [32mreport/2025-08-12/extract/pseudo-real-english.001.2_1_substrings_results.txt[0m
malloc_count ### exiting, total: 223,449,916, peak: 177,625,107, current: 4,096
Time: 0.001750625000000(s)

		 [33m Checking if the response file is the same as the expected file [0m


			 [0;32m The files are the same. [0m


	 [33mStarting extract with GCX - pseudo-real-english.001.2 - INTERVAL SIZE 1.[0m
	Using initial window of size 4 for LCP calculation.

[32mStarting to extract ...
[0m	Compressed file information:

		Amount of levels: 2
		Size initial partition: 4
		Initial symbol size: 26214402
		Level: 2 - amount of rules: 3903 - size of rules 2.
		Level: 1 - amount of rules: 87560 - size of rules 2.
	The extracted strings was saved in: [32mreport/2025-08-12/extract/pseudo-real-english.001.2_1_substrings_results.txt[0m
malloc_count ### exiting, total: 131,984,148, peak: 86,159,339, current: 4,096
Time: 0.001553318000000(s)

		 [33m Checking if the response file is the same as the expected file [0m


			 [0;32m The files are the same. [0m


	 [33mStarting extract with GC* - INTERVAL SIZE 1.[0m
	Compressed file information:
		Size of Tuples: 2
		Amount of levels: 14
Tamanho do símbolo inicial: 6401
		Level: 14 - amount of rules: 3903.
		Level: 13 - amount of rules: 87559.
		Level: 12 - amount of rules: 195256.
		Level: 11 - amount of rules: 166287.
		Level: 10 - amount of rules: 134619.
		Level: 9 - amount of rules: 116786.
		Level: 8 - amount of rules: 105542.
		Level: 7 - amount of rules: 95636.
		Level: 6 - amount of rules: 83216.
		Level: 5 - amount of rules: 66070.
		Level: 4 - amount of rules: 44698.
		Level: 3 - amount of rules: 25190.
		Level: 2 - amount of rules: 12798.
		Level: 1 - amount of rules: 6401.
	The extracted strings was saved in: [32mreport/2025-08-12/extract/pseudo-real-english.001.2_result_extract_gc2_len1.txt[0m
malloc_count ### exiting, total: 51,622,380, peak: 5,797,571, current: 4,096
Time: 0.004441987000000(s)

		 [33m Checking if the response file is the same as the expected file [0m


			 [0;32m The files are the same. [0m

	Compressed file information:
		Size of Tuples: 4
		Amount of levels: 7
Tamanho do símbolo inicial: 6401
		Level: 7 - amount of rules: 87559.
		Level: 6 - amount of rules: 166287.
		Level: 5 - amount of rules: 116786.
		Level: 4 - amount of rules: 95636.
		Level: 3 - amount of rules: 66070.
		Level: 2 - amount of rules: 25190.
		Level: 1 - amount of rules: 6401.
	The extracted strings was saved in: [32mreport/2025-08-12/extract/pseudo-real-english.001.2_result_extract_gc4_len1.txt[0m
malloc_count ### exiting, total: 51,195,990, peak: 5,371,181, current: 4,096
Time: 0.003088078000000(s)

		 [33m Checking if the response file is the same as the expected file [0m


			 [0;32m The files are the same. [0m


[33m Generating expected responses for searched interval...[0m

	 [33mStarting extract with GCX - pseudo-real-english.001.2 - INTERVAL SIZE 10.[0m
	Using initial window of size 2 for LCP calculation.

[32mStarting to extract ...
[0m	Compressed file information:

		Amount of levels: 1
		Size initial partition: 2
		Initial symbol size: 52428801
		Level: 1 - amount of rules: 3903 - size of rules 2.
	The extracted strings was saved in: [32mreport/2025-08-12/extract/pseudo-real-english.001.2_10_substrings_results.txt[0m
malloc_count ### exiting, total: 223,449,916, peak: 177,625,107, current: 4,096
Time: 0.001827839000000(s)

		 [33m Checking if the response file is the same as the expected file [0m


			 [0;32m The files are the same. [0m


	 [33mStarting extract with GCX - pseudo-real-english.001.2 - INTERVAL SIZE 10.[0m
	Using initial window of size 4 for LCP calculation.

[32mStarting to extract ...
[0m	Compressed file information:

		Amount of levels: 2
		Size initial partition: 4
		Initial symbol size: 26214402
		Level: 2 - amount of rules: 3903 - size of rules 2.
		Level: 1 - amount of rules: 87560 - size of rules 2.
	The extracted strings was saved in: [32mreport/2025-08-12/extract/pseudo-real-english.001.2_10_substrings_results.txt[0m
malloc_count ### exiting, total: 131,984,148, peak: 86,159,339, current: 4,096
Time: 0.001691969000000(s)

		 [33m Checking if the response file is the same as the expected file [0m


			 [0;32m The files are the same. [0m


	 [33mStarting extract with GC* - INTERVAL SIZE 10.[0m
	Compressed file information:
		Size of Tuples: 2
		Amount of levels: 14
Tamanho do símbolo inicial: 6401
		Level: 14 - amount of rules: 3903.
		Level: 13 - amount of rules: 87559.
		Level: 12 - amount of rules: 195256.
		Level: 11 - amount of rules: 166287.
		Level: 10 - amount of rules: 134619.
		Level: 9 - amount of rules: 116786.
		Level: 8 - amount of rules: 105542.
		Level: 7 - amount of rules: 95636.
		Level: 6 - amount of rules: 83216.
		Level: 5 - amount of rules: 66070.
		Level: 4 - amount of rules: 44698.
		Level: 3 - amount of rules: 25190.
		Level: 2 - amount of rules: 12798.
		Level: 1 - amount of rules: 6401.
	The extracted strings was saved in: [32mreport/2025-08-12/extract/pseudo-real-english.001.2_result_extract_gc2_len10.txt[0m
malloc_count ### exiting, total: 51,622,380, peak: 5,797,571, current: 4,096
Time: 0.004945906000000(s)

		 [33m Checking if the response file is the same as the expected file [0m


			 [0;32m The files are the same. [0m

	Compressed file information:
		Size of Tuples: 4
		Amount of levels: 7
Tamanho do símbolo inicial: 6401
		Level: 7 - amount of rules: 87559.
		Level: 6 - amount of rules: 166287.
		Level: 5 - amount of rules: 116786.
		Level: 4 - amount of rules: 95636.
		Level: 3 - amount of rules: 66070.
		Level: 2 - amount of rules: 25190.
		Level: 1 - amount of rules: 6401.
	The extracted strings was saved in: [32mreport/2025-08-12/extract/pseudo-real-english.001.2_result_extract_gc4_len10.txt[0m
malloc_count ### exiting, total: 51,195,990, peak: 5,371,181, current: 4,096
Time: 0.003094348000000(s)

		 [33m Checking if the response file is the same as the expected file [0m


			 [0;32m The files are the same. [0m


[33m Generating expected responses for searched interval...[0m

	 [33mStarting extract with GCX - pseudo-real-english.001.2 - INTERVAL SIZE 100.[0m
	Using initial window of size 2 for LCP calculation.

[32mStarting to extract ...
[0m	Compressed file information:

		Amount of levels: 1
		Size initial partition: 2
		Initial symbol size: 52428801
		Level: 1 - amount of rules: 3903 - size of rules 2.
	The extracted strings was saved in: [32mreport/2025-08-12/extract/pseudo-real-english.001.2_100_substrings_results.txt[0m
malloc_count ### exiting, total: 223,449,916, peak: 177,625,107, current: 4,096
Time: 0.003256535000000(s)

		 [33m Checking if the response file is the same as the expected file [0m


			 [0;32m The files are the same. [0m


	 [33mStarting extract with GCX - pseudo-real-english.001.2 - INTERVAL SIZE 100.[0m
	Using initial window of size 4 for LCP calculation.

[32mStarting to extract ...
[0m	Compressed file information:

		Amount of levels: 2
		Size initial partition: 4
		Initial symbol size: 26214402
		Level: 2 - amount of rules: 3903 - size of rules 2.
		Level: 1 - amount of rules: 87560 - size of rules 2.
	The extracted strings was saved in: [32mreport/2025-08-12/extract/pseudo-real-english.001.2_100_substrings_results.txt[0m
malloc_count ### exiting, total: 131,984,148, peak: 86,159,339, current: 4,096
Time: 0.004609679000000(s)

		 [33m Checking if the response file is the same as the expected file [0m


			 [0;32m The files are the same. [0m


	 [33mStarting extract with GC* - INTERVAL SIZE 100.[0m
	Compressed file information:
		Size of Tuples: 2
		Amount of levels: 14
Tamanho do símbolo inicial: 6401
		Level: 14 - amount of rules: 3903.
		Level: 13 - amount of rules: 87559.
		Level: 12 - amount of rules: 195256.
		Level: 11 - amount of rules: 166287.
		Level: 10 - amount of rules: 134619.
		Level: 9 - amount of rules: 116786.
		Level: 8 - amount of rules: 105542.
		Level: 7 - amount of rules: 95636.
		Level: 6 - amount of rules: 83216.
		Level: 5 - amount of rules: 66070.
		Level: 4 - amount of rules: 44698.
		Level: 3 - amount of rules: 25190.
		Level: 2 - amount of rules: 12798.
		Level: 1 - amount of rules: 6401.
	The extracted strings was saved in: [32mreport/2025-08-12/extract/pseudo-real-english.001.2_result_extract_gc2_len100.txt[0m
malloc_count ### exiting, total: 51,622,380, peak: 5,797,571, current: 4,096
Time: 0.008917393000000(s)

		 [33m Checking if the response file is the same as the expected file [0m


			 [0;32m The files are the same. [0m

	Compressed file information:
		Size of Tuples: 4
		Amount of levels: 7
Tamanho do símbolo inicial: 6401
		Level: 7 - amount of rules: 87559.
		Level: 6 - amount of rules: 166287.
		Level: 5 - amount of rules: 116786.
		Level: 4 - amount of rules: 95636.
		Level: 3 - amount of rules: 66070.
		Level: 2 - amount of rules: 25190.
		Level: 1 - amount of rules: 6401.
	The extracted strings was saved in: [32mreport/2025-08-12/extract/pseudo-real-english.001.2_result_extract_gc4_len100.txt[0m
malloc_count ### exiting, total: 51,195,990, peak: 5,371,181, current: 4,096
Time: 0.004966282000000(s)

		 [33m Checking if the response file is the same as the expected file [0m


			 [0;32m The files are the same. [0m


[33m Generating expected responses for searched interval...[0m

	 [33mStarting extract with GCX - pseudo-real-english.001.2 - INTERVAL SIZE 1000.[0m
	Using initial window of size 2 for LCP calculation.

[32mStarting to extract ...
[0m	Compressed file information:

		Amount of levels: 1
		Size initial partition: 2
		Initial symbol size: 52428801
		Level: 1 - amount of rules: 3903 - size of rules 2.
	The extracted strings was saved in: [32mreport/2025-08-12/extract/pseudo-real-english.001.2_1000_substrings_results.txt[0m
malloc_count ### exiting, total: 223,449,916, peak: 177,625,107, current: 4,096
Time: 0.016546479000000(s)

		 [33m Checking if the response file is the same as the expected file [0m


			 [0;32m The files are the same. [0m


	 [33mStarting extract with GCX - pseudo-real-english.001.2 - INTERVAL SIZE 1000.[0m
	Using initial window of size 4 for LCP calculation.

[32mStarting to extract ...
[0m	Compressed file information:

		Amount of levels: 2
		Size initial partition: 4
		Initial symbol size: 26214402
		Level: 2 - amount of rules: 3903 - size of rules 2.
		Level: 1 - amount of rules: 87560 - size of rules 2.
	The extracted strings was saved in: [32mreport/2025-08-12/extract/pseudo-real-english.001.2_1000_substrings_results.txt[0m
malloc_count ### exiting, total: 131,984,148, peak: 86,159,339, current: 4,096
Time: 0.028242588000000(s)

		 [33m Checking if the response file is the same as the expected file [0m


			 [0;32m The files are the same. [0m


	 [33mStarting extract with GC* - INTERVAL SIZE 1000.[0m
	Compressed file information:
		Size of Tuples: 2
		Amount of levels: 14
Tamanho do símbolo inicial: 6401
		Level: 14 - amount of rules: 3903.
		Level: 13 - amount of rules: 87559.
		Level: 12 - amount of rules: 195256.
		Level: 11 - amount of rules: 166287.
		Level: 10 - amount of rules: 134619.
		Level: 9 - amount of rules: 116786.
		Level: 8 - amount of rules: 105542.
		Level: 7 - amount of rules: 95636.
		Level: 6 - amount of rules: 83216.
		Level: 5 - amount of rules: 66070.
		Level: 4 - amount of rules: 44698.
		Level: 3 - amount of rules: 25190.
		Level: 2 - amount of rules: 12798.
		Level: 1 - amount of rules: 6401.
	The extracted strings was saved in: [32mreport/2025-08-12/extract/pseudo-real-english.001.2_result_extract_gc2_len1000.txt[0m
malloc_count ### exiting, total: 51,622,380, peak: 5,797,571, current: 4,096
Time: 0.045812844000000(s)

		 [33m Checking if the response file is the same as the expected file [0m


			 [0;32m The files are the same. [0m

	Compressed file information:
		Size of Tuples: 4
		Amount of levels: 7
Tamanho do símbolo inicial: 6401
		Level: 7 - amount of rules: 87559.
		Level: 6 - amount of rules: 166287.
		Level: 5 - amount of rules: 116786.
		Level: 4 - amount of rules: 95636.
		Level: 3 - amount of rules: 66070.
		Level: 2 - amount of rules: 25190.
		Level: 1 - amount of rules: 6401.
	The extracted strings was saved in: [32mreport/2025-08-12/extract/pseudo-real-english.001.2_result_extract_gc4_len1000.txt[0m
malloc_count ### exiting, total: 51,195,990, peak: 5,371,181, current: 4,096
Time: 0.018811866000000(s)

		 [33m Checking if the response file is the same as the expected file [0m


			 [0;32m The files are the same. [0m


[33m Generating expected responses for searched interval...[0m

	 [33mStarting extract with GCX - pseudo-real-english.001.2 - INTERVAL SIZE 10000.[0m
	Using initial window of size 2 for LCP calculation.

[32mStarting to extract ...
[0m	Compressed file information:

		Amount of levels: 1
		Size initial partition: 2
		Initial symbol size: 52428801
		Level: 1 - amount of rules: 3903 - size of rules 2.
	The extracted strings was saved in: [32mreport/2025-08-12/extract/pseudo-real-english.001.2_10000_substrings_results.txt[0m
malloc_count ### exiting, total: 223,449,916, peak: 177,625,107, current: 4,096
Time: 0.141472275000000(s)

		 [33m Checking if the response file is the same as the expected file [0m


			 [0;32m The files are the same. [0m


	 [33mStarting extract with GCX - pseudo-real-english.001.2 - INTERVAL SIZE 10000.[0m
	Using initial window of size 4 for LCP calculation.

[32mStarting to extract ...
[0m	Compressed file information:

		Amount of levels: 2
		Size initial partition: 4
		Initial symbol size: 26214402
		Level: 2 - amount of rules: 3903 - size of rules 2.
		Level: 1 - amount of rules: 87560 - size of rules 2.
	The extracted strings was saved in: [32mreport/2025-08-12/extract/pseudo-real-english.001.2_10000_substrings_results.txt[0m
malloc_count ### exiting, total: 131,984,148, peak: 86,159,339, current: 4,096
Time: 0.262017248000000(s)

		 [33m Checking if the response file is the same as the expected file [0m


			 [0;32m The files are the same. [0m


	 [33mStarting extract with GC* - INTERVAL SIZE 10000.[0m
	Compressed file information:
		Size of Tuples: 2
		Amount of levels: 14
Tamanho do símbolo inicial: 6401
		Level: 14 - amount of rules: 3903.
		Level: 13 - amount of rules: 87559.
		Level: 12 - amount of rules: 195256.
		Level: 11 - amount of rules: 166287.
		Level: 10 - amount of rules: 134619.
		Level: 9 - amount of rules: 116786.
		Level: 8 - amount of rules: 105542.
		Level: 7 - amount of rules: 95636.
		Level: 6 - amount of rules: 83216.
		Level: 5 - amount of rules: 66070.
		Level: 4 - amount of rules: 44698.
		Level: 3 - amount of rules: 25190.
		Level: 2 - amount of rules: 12798.
		Level: 1 - amount of rules: 6401.
	The extracted strings was saved in: [32mreport/2025-08-12/extract/pseudo-real-english.001.2_result_extract_gc2_len10000.txt[0m
malloc_count ### exiting, total: 51,622,380, peak: 5,797,571, current: 4,096
Time: 0.423329969000000(s)

		 [33m Checking if the response file is the same as the expected file [0m


			 [0;32m The files are the same. [0m

	Compressed file information:
		Size of Tuples: 4
		Amount of levels: 7
Tamanho do símbolo inicial: 6401
		Level: 7 - amount of rules: 87559.
		Level: 6 - amount of rules: 166287.
		Level: 5 - amount of rules: 116786.
		Level: 4 - amount of rules: 95636.
		Level: 3 - amount of rules: 66070.
		Level: 2 - amount of rules: 25190.
		Level: 1 - amount of rules: 6401.
	The extracted strings was saved in: [32mreport/2025-08-12/extract/pseudo-real-english.001.2_result_extract_gc4_len10000.txt[0m
malloc_count ### exiting, total: 51,195,990, peak: 5,371,181, current: 4,096
Time: 0.167283827000000(s)

		 [33m Checking if the response file is the same as the expected file [0m


			 [0;32m The files are the same. [0m


	[34mPreparing for extract operation on the real-Escherichia_Coli file. [0m


[33m Generating expected responses for searched interval...[0m

	 [33mStarting extract with GCX - real-Escherichia_Coli - INTERVAL SIZE 1.[0m
	Using initial window of size 2 for LCP calculation.

[32mStarting to extract ...
[0m	Compressed file information:

		Amount of levels: 1
		Size initial partition: 2
		Initial symbol size: 56344758
		Level: 1 - amount of rules: 131 - size of rules 2.
	The extracted strings was saved in: [32mreport/2025-08-12/extract/real-Escherichia_Coli_1_substrings_results.txt[0m
malloc_count ### exiting, total: 236,658,724, peak: 190,833,915, current: 4,096
Time: 0.001659468000000(s)

		 [33m Checking if the response file is the same as the expected file [0m


			 [0;32m The files are the same. [0m


	 [33mStarting extract with GCX - real-Escherichia_Coli - INTERVAL SIZE 1.[0m
	Using initial window of size 4 for LCP calculation.

[32mStarting to extract ...
[0m	Compressed file information:

		Amount of levels: 2
		Size initial partition: 4
		Initial symbol size: 28172380
		Level: 2 - amount of rules: 131 - size of rules 2.
		Level: 1 - amount of rules: 1585 - size of rules 2.
	The extracted strings was saved in: [32mreport/2025-08-12/extract/real-Escherichia_Coli_1_substrings_results.txt[0m
malloc_count ### exiting, total: 138,059,028, peak: 92,234,219, current: 4,096
Time: 0.001518457000000(s)

		 [33m Checking if the response file is the same as the expected file [0m


			 [0;32m The files are the same. [0m


	 [33mStarting extract with GC* - INTERVAL SIZE 1.[0m
	Compressed file information:
		Size of Tuples: 2
		Amount of levels: 12
Tamanho do símbolo inicial: 27514
		Level: 12 - amount of rules: 131.
		Level: 11 - amount of rules: 1585.
		Level: 10 - amount of rules: 68102.
		Level: 9 - amount of rules: 5024175.
		Level: 8 - amount of rules: 3026421.
		Level: 7 - amount of rules: 1669769.
		Level: 6 - amount of rules: 865855.
		Level: 5 - amount of rules: 438387.
		Level: 4 - amount of rules: 219903.
		Level: 3 - amount of rules: 110035.
		Level: 2 - amount of rules: 55025.
		Level: 1 - amount of rules: 27514.
	The extracted strings was saved in: [32mreport/2025-08-12/extract/real-Escherichia_Coli_result_extract_gc2_len1.txt[0m
malloc_count ### exiting, total: 106,177,620, peak: 60,352,811, current: 4,096
Time: 0.008208724000000(s)

		 [33m Checking if the response file is the same as the expected file [0m


			 [0;32m The files are the same. [0m

	Compressed file information:
		Size of Tuples: 4
		Amount of levels: 6
Tamanho do símbolo inicial: 27513
		Level: 6 - amount of rules: 1584.
		Level: 5 - amount of rules: 5024174.
		Level: 4 - amount of rules: 1669768.
		Level: 3 - amount of rules: 438386.
		Level: 2 - amount of rules: 110034.
		Level: 1 - amount of rules: 27513.
	The extracted strings was saved in: [32mreport/2025-08-12/extract/real-Escherichia_Coli_result_extract_gc4_len1.txt[0m
malloc_count ### exiting, total: 102,909,006, peak: 57,084,197, current: 4,096
Time: 0.004183475000000(s)

		 [33m Checking if the response file is the same as the expected file [0m


			 [0;32m The files are the same. [0m


[33m Generating expected responses for searched interval...[0m

	 [33mStarting extract with GCX - real-Escherichia_Coli - INTERVAL SIZE 10.[0m
	Using initial window of size 2 for LCP calculation.

[32mStarting to extract ...
[0m	Compressed file information:

		Amount of levels: 1
		Size initial partition: 2
		Initial symbol size: 56344758
		Level: 1 - amount of rules: 131 - size of rules 2.
	The extracted strings was saved in: [32mreport/2025-08-12/extract/real-Escherichia_Coli_10_substrings_results.txt[0m
malloc_count ### exiting, total: 236,658,724, peak: 190,833,915, current: 4,096
Time: 0.001730089000000(s)

		 [33m Checking if the response file is the same as the expected file [0m


			 [0;32m The files are the same. [0m


	 [33mStarting extract with GCX - real-Escherichia_Coli - INTERVAL SIZE 10.[0m
	Using initial window of size 4 for LCP calculation.

[32mStarting to extract ...
[0m	Compressed file information:

		Amount of levels: 2
		Size initial partition: 4
		Initial symbol size: 28172380
		Level: 2 - amount of rules: 131 - size of rules 2.
		Level: 1 - amount of rules: 1585 - size of rules 2.
	The extracted strings was saved in: [32mreport/2025-08-12/extract/real-Escherichia_Coli_10_substrings_results.txt[0m
malloc_count ### exiting, total: 138,059,028, peak: 92,234,219, current: 4,096
Time: 0.001739063000000(s)

		 [33m Checking if the response file is the same as the expected file [0m


			 [0;32m The files are the same. [0m


	 [33mStarting extract with GC* - INTERVAL SIZE 10.[0m
	Compressed file information:
		Size of Tuples: 2
		Amount of levels: 12
Tamanho do símbolo inicial: 27514
		Level: 12 - amount of rules: 131.
		Level: 11 - amount of rules: 1585.
		Level: 10 - amount of rules: 68102.
		Level: 9 - amount of rules: 5024175.
		Level: 8 - amount of rules: 3026421.
		Level: 7 - amount of rules: 1669769.
		Level: 6 - amount of rules: 865855.
		Level: 5 - amount of rules: 438387.
		Level: 4 - amount of rules: 219903.
		Level: 3 - amount of rules: 110035.
		Level: 2 - amount of rules: 55025.
		Level: 1 - amount of rules: 27514.
	The extracted strings was saved in: [32mreport/2025-08-12/extract/real-Escherichia_Coli_result_extract_gc2_len10.txt[0m
malloc_count ### exiting, total: 106,177,620, peak: 60,352,811, current: 4,096
Time: 0.007260854000000(s)

		 [33m Checking if the response file is the same as the expected file [0m


			 [0;32m The files are the same. [0m

	Compressed file information:
		Size of Tuples: 4
		Amount of levels: 6
Tamanho do símbolo inicial: 27513
		Level: 6 - amount of rules: 1584.
		Level: 5 - amount of rules: 5024174.
		Level: 4 - amount of rules: 1669768.
		Level: 3 - amount of rules: 438386.
		Level: 2 - amount of rules: 110034.
		Level: 1 - amount of rules: 27513.
	The extracted strings was saved in: [32mreport/2025-08-12/extract/real-Escherichia_Coli_result_extract_gc4_len10.txt[0m
malloc_count ### exiting, total: 102,909,006, peak: 57,084,197, current: 4,096
Time: 0.004415490000000(s)

		 [33m Checking if the response file is the same as the expected file [0m


			 [0;32m The files are the same. [0m


[33m Generating expected responses for searched interval...[0m

	 [33mStarting extract with GCX - real-Escherichia_Coli - INTERVAL SIZE 100.[0m
	Using initial window of size 2 for LCP calculation.

[32mStarting to extract ...
[0m	Compressed file information:

		Amount of levels: 1
		Size initial partition: 2
		Initial symbol size: 56344758
		Level: 1 - amount of rules: 131 - size of rules 2.
	The extracted strings was saved in: [32mreport/2025-08-12/extract/real-Escherichia_Coli_100_substrings_results.txt[0m
malloc_count ### exiting, total: 236,658,724, peak: 190,833,915, current: 4,096
Time: 0.003259222000000(s)

		 [33m Checking if the response file is the same as the expected file [0m


			 [0;32m The files are the same. [0m


	 [33mStarting extract with GCX - real-Escherichia_Coli - INTERVAL SIZE 100.[0m
	Using initial window of size 4 for LCP calculation.

[32mStarting to extract ...
[0m	Compressed file information:

		Amount of levels: 2
		Size initial partition: 4
		Initial symbol size: 28172380
		Level: 2 - amount of rules: 131 - size of rules 2.
		Level: 1 - amount of rules: 1585 - size of rules 2.
	The extracted strings was saved in: [32mreport/2025-08-12/extract/real-Escherichia_Coli_100_substrings_results.txt[0m
malloc_count ### exiting, total: 138,059,028, peak: 92,234,219, current: 4,096
Time: 0.004328099000000(s)

		 [33m Checking if the response file is the same as the expected file [0m


			 [0;32m The files are the same. [0m


	 [33mStarting extract with GC* - INTERVAL SIZE 100.[0m
	Compressed file information:
		Size of Tuples: 2
		Amount of levels: 12
Tamanho do símbolo inicial: 27514
		Level: 12 - amount of rules: 131.
		Level: 11 - amount of rules: 1585.
		Level: 10 - amount of rules: 68102.
		Level: 9 - amount of rules: 5024175.
		Level: 8 - amount of rules: 3026421.
		Level: 7 - amount of rules: 1669769.
		Level: 6 - amount of rules: 865855.
		Level: 5 - amount of rules: 438387.
		Level: 4 - amount of rules: 219903.
		Level: 3 - amount of rules: 110035.
		Level: 2 - amount of rules: 55025.
		Level: 1 - amount of rules: 27514.
	The extracted strings was saved in: [32mreport/2025-08-12/extract/real-Escherichia_Coli_result_extract_gc2_len100.txt[0m
malloc_count ### exiting, total: 106,177,620, peak: 60,352,811, current: 4,096
Time: 0.011918623000000(s)

		 [33m Checking if the response file is the same as the expected file [0m


			 [0;32m The files are the same. [0m

	Compressed file information:
		Size of Tuples: 4
		Amount of levels: 6
Tamanho do símbolo inicial: 27513
		Level: 6 - amount of rules: 1584.
		Level: 5 - amount of rules: 5024174.
		Level: 4 - amount of rules: 1669768.
		Level: 3 - amount of rules: 438386.
		Level: 2 - amount of rules: 110034.
		Level: 1 - amount of rules: 27513.
	The extracted strings was saved in: [32mreport/2025-08-12/extract/real-Escherichia_Coli_result_extract_gc4_len100.txt[0m
malloc_count ### exiting, total: 102,909,006, peak: 57,084,197, current: 4,096
Time: 0.007824754000000(s)

		 [33m Checking if the response file is the same as the expected file [0m


			 [0;32m The files are the same. [0m


[33m Generating expected responses for searched interval...[0m

	 [33mStarting extract with GCX - real-Escherichia_Coli - INTERVAL SIZE 1000.[0m
	Using initial window of size 2 for LCP calculation.

[32mStarting to extract ...
[0m	Compressed file information:

		Amount of levels: 1
		Size initial partition: 2
		Initial symbol size: 56344758
		Level: 1 - amount of rules: 131 - size of rules 2.
	The extracted strings was saved in: [32mreport/2025-08-12/extract/real-Escherichia_Coli_1000_substrings_results.txt[0m
malloc_count ### exiting, total: 236,658,724, peak: 190,833,915, current: 4,096
Time: 0.016393658000000(s)

		 [33m Checking if the response file is the same as the expected file [0m


			 [0;32m The files are the same. [0m


	 [33mStarting extract with GCX - real-Escherichia_Coli - INTERVAL SIZE 1000.[0m
	Using initial window of size 4 for LCP calculation.

[32mStarting to extract ...
[0m	Compressed file information:

		Amount of levels: 2
		Size initial partition: 4
		Initial symbol size: 28172380
		Level: 2 - amount of rules: 131 - size of rules 2.
		Level: 1 - amount of rules: 1585 - size of rules 2.
	The extracted strings was saved in: [32mreport/2025-08-12/extract/real-Escherichia_Coli_1000_substrings_results.txt[0m
malloc_count ### exiting, total: 138,059,028, peak: 92,234,219, current: 4,096
Time: 0.025771292000000(s)

		 [33m Checking if the response file is the same as the expected file [0m


			 [0;32m The files are the same. [0m


	 [33mStarting extract with GC* - INTERVAL SIZE 1000.[0m
	Compressed file information:
		Size of Tuples: 2
		Amount of levels: 12
Tamanho do símbolo inicial: 27514
		Level: 12 - amount of rules: 131.
		Level: 11 - amount of rules: 1585.
		Level: 10 - amount of rules: 68102.
		Level: 9 - amount of rules: 5024175.
		Level: 8 - amount of rules: 3026421.
		Level: 7 - amount of rules: 1669769.
		Level: 6 - amount of rules: 865855.
		Level: 5 - amount of rules: 438387.
		Level: 4 - amount of rules: 219903.
		Level: 3 - amount of rules: 110035.
		Level: 2 - amount of rules: 55025.
		Level: 1 - amount of rules: 27514.
	The extracted strings was saved in: [32mreport/2025-08-12/extract/real-Escherichia_Coli_result_extract_gc2_len1000.txt[0m
malloc_count ### exiting, total: 106,177,620, peak: 60,352,811, current: 4,096
Time: 0.070268097000000(s)

		 [33m Checking if the response file is the same as the expected file [0m


			 [0;32m The files are the same. [0m

	Compressed file information:
		Size of Tuples: 4
		Amount of levels: 6
Tamanho do símbolo inicial: 27513
		Level: 6 - amount of rules: 1584.
		Level: 5 - amount of rules: 5024174.
		Level: 4 - amount of rules: 1669768.
		Level: 3 - amount of rules: 438386.
		Level: 2 - amount of rules: 110034.
		Level: 1 - amount of rules: 27513.
	The extracted strings was saved in: [32mreport/2025-08-12/extract/real-Escherichia_Coli_result_extract_gc4_len1000.txt[0m
malloc_count ### exiting, total: 102,909,006, peak: 57,084,197, current: 4,096
Time: 0.043125710000000(s)

		 [33m Checking if the response file is the same as the expected file [0m


			 [0;32m The files are the same. [0m


[33m Generating expected responses for searched interval...[0m

	 [33mStarting extract with GCX - real-Escherichia_Coli - INTERVAL SIZE 10000.[0m
	Using initial window of size 2 for LCP calculation.

[32mStarting to extract ...
[0m	Compressed file information:

		Amount of levels: 1
		Size initial partition: 2
		Initial symbol size: 56344758
		Level: 1 - amount of rules: 131 - size of rules 2.
	The extracted strings was saved in: [32mreport/2025-08-12/extract/real-Escherichia_Coli_10000_substrings_results.txt[0m
malloc_count ### exiting, total: 236,658,724, peak: 190,833,915, current: 4,096
Time: 0.141462802000000(s)

		 [33m Checking if the response file is the same as the expected file [0m


			 [0;32m The files are the same. [0m


	 [33mStarting extract with GCX - real-Escherichia_Coli - INTERVAL SIZE 10000.[0m
	Using initial window of size 4 for LCP calculation.

[32mStarting to extract ...
[0m	Compressed file information:

		Amount of levels: 2
		Size initial partition: 4
		Initial symbol size: 28172380
		Level: 2 - amount of rules: 131 - size of rules 2.
		Level: 1 - amount of rules: 1585 - size of rules 2.
	The extracted strings was saved in: [32mreport/2025-08-12/extract/real-Escherichia_Coli_10000_substrings_results.txt[0m
malloc_count ### exiting, total: 138,059,028, peak: 92,234,219, current: 4,096
Time: 0.241426570000000(s)

		 [33m Checking if the response file is the same as the expected file [0m


			 [0;32m The files are the same. [0m


	 [33mStarting extract with GC* - INTERVAL SIZE 10000.[0m
	Compressed file information:
		Size of Tuples: 2
		Amount of levels: 12
Tamanho do símbolo inicial: 27514
		Level: 12 - amount of rules: 131.
		Level: 11 - amount of rules: 1585.
		Level: 10 - amount of rules: 68102.
		Level: 9 - amount of rules: 5024175.
		Level: 8 - amount of rules: 3026421.
		Level: 7 - amount of rules: 1669769.
		Level: 6 - amount of rules: 865855.
		Level: 5 - amount of rules: 438387.
		Level: 4 - amount of rules: 219903.
		Level: 3 - amount of rules: 110035.
		Level: 2 - amount of rules: 55025.
		Level: 1 - amount of rules: 27514.
	The extracted strings was saved in: [32mreport/2025-08-12/extract/real-Escherichia_Coli_result_extract_gc2_len10000.txt[0m
malloc_count ### exiting, total: 106,177,620, peak: 60,352,811, current: 4,096
Time: 0.641346667000000(s)

		 [33m Checking if the response file is the same as the expected file [0m


			 [0;32m The files are the same. [0m

	Compressed file information:
		Size of Tuples: 4
		Amount of levels: 6
Tamanho do símbolo inicial: 27513
		Level: 6 - amount of rules: 1584.
		Level: 5 - amount of rules: 5024174.
		Level: 4 - amount of rules: 1669768.
		Level: 3 - amount of rules: 438386.
		Level: 2 - amount of rules: 110034.
		Level: 1 - amount of rules: 27513.
	The extracted strings was saved in: [32mreport/2025-08-12/extract/real-Escherichia_Coli_result_extract_gc4_len10000.txt[0m
malloc_count ### exiting, total: 102,909,006, peak: 57,084,197, current: 4,096
Time: 0.372691370000000(s)

		 [33m Checking if the response file is the same as the expected file [0m


			 [0;32m The files are the same. [0m


	[34mPreparing for extract operation on the artificial-fib41 file. [0m


[33m Generating expected responses for searched interval...[0m

	 [33mStarting extract with GCX - artificial-fib41 - INTERVAL SIZE 1.[0m
	Using initial window of size 2 for LCP calculation.

[32mStarting to extract ...
[0m	Compressed file information:

		Amount of levels: 1
		Size initial partition: 2
		Initial symbol size: 133957149
		Level: 1 - amount of rules: 4 - size of rules 2.
	The extracted strings was saved in: [32mreport/2025-08-12/extract/artificial-fib41_1_substrings_results.txt[0m
malloc_count ### exiting, total: 515,344,934, peak: 469,520,125, current: 4,096
Time: 0.001966154000000(s)

		 [33m Checking if the response file is the same as the expected file [0m


			 [0;32m The files are the same. [0m


	 [33mStarting extract with GCX - artificial-fib41 - INTERVAL SIZE 1.[0m
	Using initial window of size 4 for LCP calculation.

[32mStarting to extract ...
[0m	Compressed file information:

		Amount of levels: 1
		Size initial partition: 4
		Initial symbol size: 66978575
		Level: 1 - amount of rules: 6 - size of rules 4.
	The extracted strings was saved in: [32mreport/2025-08-12/extract/artificial-fib41_1_substrings_results.txt[0m
malloc_count ### exiting, total: 272,547,622, peak: 226,722,813, current: 4,096
Time: 0.001692184000000(s)

		 [33m Checking if the response file is the same as the expected file [0m


			 [0;32m The files are the same. [0m


	 [33mStarting extract with GC* - INTERVAL SIZE 1.[0m
	Compressed file information:
		Size of Tuples: 2
		Amount of levels: 15
Tamanho do símbolo inicial: 8178
		Level: 15 - amount of rules: 4.
		Level: 14 - amount of rules: 6.
		Level: 13 - amount of rules: 10.
		Level: 12 - amount of rules: 19.
		Level: 11 - amount of rules: 35.
		Level: 10 - amount of rules: 67.
		Level: 9 - amount of rules: 131.
		Level: 8 - amount of rules: 259.
		Level: 7 - amount of rules: 515.
		Level: 6 - amount of rules: 1027.
		Level: 5 - amount of rules: 2051.
		Level: 4 - amount of rules: 4099.
		Level: 3 - amount of rules: 8195.
		Level: 2 - amount of rules: 11296.
		Level: 1 - amount of rules: 8178.
	The extracted strings was saved in: [32mreport/2025-08-12/extract/artificial-fib41_result_extract_gc2_len1.txt[0m
malloc_count ### exiting, total: 46,636,346, peak: 811,537, current: 4,096
Time: 0.001524178000000(s)

		 [33m Checking if the response file is the same as the expected file [0m


			 [0;32m The files are the same. [0m

	Compressed file information:
		Size of Tuples: 4
		Amount of levels: 8
Tamanho do símbolo inicial: 4089
		Level: 8 - amount of rules: 6.
		Level: 7 - amount of rules: 18.
		Level: 6 - amount of rules: 67.
		Level: 5 - amount of rules: 258.
		Level: 4 - amount of rules: 1026.
		Level: 3 - amount of rules: 4099.
		Level: 2 - amount of rules: 11295.
		Level: 1 - amount of rules: 4089.
	The extracted strings was saved in: [32mreport/2025-08-12/extract/artificial-fib41_result_extract_gc4_len1.txt[0m
malloc_count ### exiting, total: 46,642,694, peak: 817,885, current: 4,096
Time: 0.001090237000000(s)

		 [33m Checking if the response file is the same as the expected file [0m


			 [0;32m The files are the same. [0m


[33m Generating expected responses for searched interval...[0m

	 [33mStarting extract with GCX - artificial-fib41 - INTERVAL SIZE 10.[0m
	Using initial window of size 2 for LCP calculation.

[32mStarting to extract ...
[0m	Compressed file information:

		Amount of levels: 1
		Size initial partition: 2
		Initial symbol size: 133957149
		Level: 1 - amount of rules: 4 - size of rules 2.
	The extracted strings was saved in: [32mreport/2025-08-12/extract/artificial-fib41_10_substrings_results.txt[0m
malloc_count ### exiting, total: 515,344,934, peak: 469,520,125, current: 4,096
Time: 0.002053334000000(s)

		 [33m Checking if the response file is the same as the expected file [0m


			 [0;32m The files are the same. [0m


	 [33mStarting extract with GCX - artificial-fib41 - INTERVAL SIZE 10.[0m
	Using initial window of size 4 for LCP calculation.

[32mStarting to extract ...
[0m	Compressed file information:

		Amount of levels: 1
		Size initial partition: 4
		Initial symbol size: 66978575
		Level: 1 - amount of rules: 6 - size of rules 4.
	The extracted strings was saved in: [32mreport/2025-08-12/extract/artificial-fib41_10_substrings_results.txt[0m
malloc_count ### exiting, total: 272,547,622, peak: 226,722,813, current: 4,096
Time: 0.001851296000000(s)

		 [33m Checking if the response file is the same as the expected file [0m


			 [0;32m The files are the same. [0m


	 [33mStarting extract with GC* - INTERVAL SIZE 10.[0m
	Compressed file information:
		Size of Tuples: 2
		Amount of levels: 15
Tamanho do símbolo inicial: 8178
		Level: 15 - amount of rules: 4.
		Level: 14 - amount of rules: 6.
		Level: 13 - amount of rules: 10.
		Level: 12 - amount of rules: 19.
		Level: 11 - amount of rules: 35.
		Level: 10 - amount of rules: 67.
		Level: 9 - amount of rules: 131.
		Level: 8 - amount of rules: 259.
		Level: 7 - amount of rules: 515.
		Level: 6 - amount of rules: 1027.
		Level: 5 - amount of rules: 2051.
		Level: 4 - amount of rules: 4099.
		Level: 3 - amount of rules: 8195.
		Level: 2 - amount of rules: 11296.
		Level: 1 - amount of rules: 8178.
	The extracted strings was saved in: [32mreport/2025-08-12/extract/artificial-fib41_result_extract_gc2_len10.txt[0m
malloc_count ### exiting, total: 46,636,346, peak: 811,537, current: 4,096
Time: 0.002047341000000(s)

		 [33m Checking if the response file is the same as the expected file [0m


			 [0;32m The files are the same. [0m

	Compressed file information:
		Size of Tuples: 4
		Amount of levels: 8
Tamanho do símbolo inicial: 4089
		Level: 8 - amount of rules: 6.
		Level: 7 - amount of rules: 18.
		Level: 6 - amount of rules: 67.
		Level: 5 - amount of rules: 258.
		Level: 4 - amount of rules: 1026.
		Level: 3 - amount of rules: 4099.
		Level: 2 - amount of rules: 11295.
		Level: 1 - amount of rules: 4089.
	The extracted strings was saved in: [32mreport/2025-08-12/extract/artificial-fib41_result_extract_gc4_len10.txt[0m
malloc_count ### exiting, total: 46,642,694, peak: 817,885, current: 4,096
Time: 0.001381476000000(s)

		 [33m Checking if the response file is the same as the expected file [0m


			 [0;32m The files are the same. [0m


[33m Generating expected responses for searched interval...[0m

	 [33mStarting extract with GCX - artificial-fib41 - INTERVAL SIZE 100.[0m
	Using initial window of size 2 for LCP calculation.

[32mStarting to extract ...
[0m	Compressed file information:

		Amount of levels: 1
		Size initial partition: 2
		Initial symbol size: 133957149
		Level: 1 - amount of rules: 4 - size of rules 2.
	The extracted strings was saved in: [32mreport/2025-08-12/extract/artificial-fib41_100_substrings_results.txt[0m
malloc_count ### exiting, total: 515,344,934, peak: 469,520,125, current: 4,096
Time: 0.003431584000000(s)

		 [33m Checking if the response file is the same as the expected file [0m


			 [0;32m The files are the same. [0m


	 [33mStarting extract with GCX - artificial-fib41 - INTERVAL SIZE 100.[0m
	Using initial window of size 4 for LCP calculation.

[32mStarting to extract ...
[0m	Compressed file information:

		Amount of levels: 1
		Size initial partition: 4
		Initial symbol size: 66978575
		Level: 1 - amount of rules: 6 - size of rules 4.
	The extracted strings was saved in: [32mreport/2025-08-12/extract/artificial-fib41_100_substrings_results.txt[0m
malloc_count ### exiting, total: 272,547,622, peak: 226,722,813, current: 4,096
Time: 0.002697690000000(s)

		 [33m Checking if the response file is the same as the expected file [0m


			 [0;32m The files are the same. [0m


	 [33mStarting extract with GC* - INTERVAL SIZE 100.[0m
	Compressed file information:
		Size of Tuples: 2
		Amount of levels: 15
Tamanho do símbolo inicial: 8178
		Level: 15 - amount of rules: 4.
		Level: 14 - amount of rules: 6.
		Level: 13 - amount of rules: 10.
		Level: 12 - amount of rules: 19.
		Level: 11 - amount of rules: 35.
		Level: 10 - amount of rules: 67.
		Level: 9 - amount of rules: 131.
		Level: 8 - amount of rules: 259.
		Level: 7 - amount of rules: 515.
		Level: 6 - amount of rules: 1027.
		Level: 5 - amount of rules: 2051.
		Level: 4 - amount of rules: 4099.
		Level: 3 - amount of rules: 8195.
		Level: 2 - amount of rules: 11296.
		Level: 1 - amount of rules: 8178.
	The extracted strings was saved in: [32mreport/2025-08-12/extract/artificial-fib41_result_extract_gc2_len100.txt[0m
malloc_count ### exiting, total: 46,636,346, peak: 811,537, current: 4,096
Time: 0.004601628000000(s)

		 [33m Checking if the response file is the same as the expected file [0m


			 [0;32m The files are the same. [0m

	Compressed file information:
		Size of Tuples: 4
		Amount of levels: 8
Tamanho do símbolo inicial: 4089
		Level: 8 - amount of rules: 6.
		Level: 7 - amount of rules: 18.
		Level: 6 - amount of rules: 67.
		Level: 5 - amount of rules: 258.
		Level: 4 - amount of rules: 1026.
		Level: 3 - amount of rules: 4099.
		Level: 2 - amount of rules: 11295.
		Level: 1 - amount of rules: 4089.
	The extracted strings was saved in: [32mreport/2025-08-12/extract/artificial-fib41_result_extract_gc4_len100.txt[0m
malloc_count ### exiting, total: 46,642,694, peak: 817,885, current: 4,096
Time: 0.002369354000000(s)

		 [33m Checking if the response file is the same as the expected file [0m


			 [0;32m The files are the same. [0m


[33m Generating expected responses for searched interval...[0m

	 [33mStarting extract with GCX - artificial-fib41 - INTERVAL SIZE 1000.[0m
	Using initial window of size 2 for LCP calculation.

[32mStarting to extract ...
[0m	Compressed file information:

		Amount of levels: 1
		Size initial partition: 2
		Initial symbol size: 133957149
		Level: 1 - amount of rules: 4 - size of rules 2.
	The extracted strings was saved in: [32mreport/2025-08-12/extract/artificial-fib41_1000_substrings_results.txt[0m
malloc_count ### exiting, total: 515,344,934, peak: 469,520,125, current: 4,096
Time: 0.016731281000000(s)

		 [33m Checking if the response file is the same as the expected file [0m


			 [0;32m The files are the same. [0m


	 [33mStarting extract with GCX - artificial-fib41 - INTERVAL SIZE 1000.[0m
	Using initial window of size 4 for LCP calculation.

[32mStarting to extract ...
[0m	Compressed file information:

		Amount of levels: 1
		Size initial partition: 4
		Initial symbol size: 66978575
		Level: 1 - amount of rules: 6 - size of rules 4.
	The extracted strings was saved in: [32mreport/2025-08-12/extract/artificial-fib41_1000_substrings_results.txt[0m
malloc_count ### exiting, total: 272,547,622, peak: 226,722,813, current: 4,096
Time: 0.011348203000000(s)

		 [33m Checking if the response file is the same as the expected file [0m


			 [0;32m The files are the same. [0m


	 [33mStarting extract with GC* - INTERVAL SIZE 1000.[0m
	Compressed file information:
		Size of Tuples: 2
		Amount of levels: 15
Tamanho do símbolo inicial: 8178
		Level: 15 - amount of rules: 4.
		Level: 14 - amount of rules: 6.
		Level: 13 - amount of rules: 10.
		Level: 12 - amount of rules: 19.
		Level: 11 - amount of rules: 35.
		Level: 10 - amount of rules: 67.
		Level: 9 - amount of rules: 131.
		Level: 8 - amount of rules: 259.
		Level: 7 - amount of rules: 515.
		Level: 6 - amount of rules: 1027.
		Level: 5 - amount of rules: 2051.
		Level: 4 - amount of rules: 4099.
		Level: 3 - amount of rules: 8195.
		Level: 2 - amount of rules: 11296.
		Level: 1 - amount of rules: 8178.
	The extracted strings was saved in: [32mreport/2025-08-12/extract/artificial-fib41_result_extract_gc2_len1000.txt[0m
malloc_count ### exiting, total: 46,636,346, peak: 811,537, current: 4,096
Time: 0.028847909000000(s)

		 [33m Checking if the response file is the same as the expected file [0m


			 [0;32m The files are the same. [0m

	Compressed file information:
		Size of Tuples: 4
		Amount of levels: 8
Tamanho do símbolo inicial: 4089
		Level: 8 - amount of rules: 6.
		Level: 7 - amount of rules: 18.
		Level: 6 - amount of rules: 67.
		Level: 5 - amount of rules: 258.
		Level: 4 - amount of rules: 1026.
		Level: 3 - amount of rules: 4099.
		Level: 2 - amount of rules: 11295.
		Level: 1 - amount of rules: 4089.
	The extracted strings was saved in: [32mreport/2025-08-12/extract/artificial-fib41_result_extract_gc4_len1000.txt[0m
malloc_count ### exiting, total: 46,642,694, peak: 817,885, current: 4,096
Time: 0.013080620000000(s)

		 [33m Checking if the response file is the same as the expected file [0m


			 [0;32m The files are the same. [0m


[33m Generating expected responses for searched interval...[0m

	 [33mStarting extract with GCX - artificial-fib41 - INTERVAL SIZE 10000.[0m
	Using initial window of size 2 for LCP calculation.

[32mStarting to extract ...
[0m	Compressed file information:

		Amount of levels: 1
		Size initial partition: 2
		Initial symbol size: 133957149
		Level: 1 - amount of rules: 4 - size of rules 2.
	The extracted strings was saved in: [32mreport/2025-08-12/extract/artificial-fib41_10000_substrings_results.txt[0m
malloc_count ### exiting, total: 515,344,934, peak: 469,520,125, current: 4,096
Time: 0.141575051000000(s)

		 [33m Checking if the response file is the same as the expected file [0m


			 [0;32m The files are the same. [0m


	 [33mStarting extract with GCX - artificial-fib41 - INTERVAL SIZE 10000.[0m
	Using initial window of size 4 for LCP calculation.

[32mStarting to extract ...
[0m	Compressed file information:

		Amount of levels: 1
		Size initial partition: 4
		Initial symbol size: 66978575
		Level: 1 - amount of rules: 6 - size of rules 4.
	The extracted strings was saved in: [32mreport/2025-08-12/extract/artificial-fib41_10000_substrings_results.txt[0m
malloc_count ### exiting, total: 272,547,622, peak: 226,722,813, current: 4,096
Time: 0.090679954000000(s)

		 [33m Checking if the response file is the same as the expected file [0m


			 [0;32m The files are the same. [0m


	 [33mStarting extract with GC* - INTERVAL SIZE 10000.[0m
	Compressed file information:
		Size of Tuples: 2
		Amount of levels: 15
Tamanho do símbolo inicial: 8178
		Level: 15 - amount of rules: 4.
		Level: 14 - amount of rules: 6.
		Level: 13 - amount of rules: 10.
		Level: 12 - amount of rules: 19.
		Level: 11 - amount of rules: 35.
		Level: 10 - amount of rules: 67.
		Level: 9 - amount of rules: 131.
		Level: 8 - amount of rules: 259.
		Level: 7 - amount of rules: 515.
		Level: 6 - amount of rules: 1027.
		Level: 5 - amount of rules: 2051.
		Level: 4 - amount of rules: 4099.
		Level: 3 - amount of rules: 8195.
		Level: 2 - amount of rules: 11296.
		Level: 1 - amount of rules: 8178.
	The extracted strings was saved in: [32mreport/2025-08-12/extract/artificial-fib41_result_extract_gc2_len10000.txt[0m
malloc_count ### exiting, total: 46,636,346, peak: 811,537, current: 4,096
Time: 0.269897682000000(s)

		 [33m Checking if the response file is the same as the expected file [0m


			 [0;32m The files are the same. [0m

	Compressed file information:
		Size of Tuples: 4
		Amount of levels: 8
Tamanho do símbolo inicial: 4089
		Level: 8 - amount of rules: 6.
		Level: 7 - amount of rules: 18.
		Level: 6 - amount of rules: 67.
		Level: 5 - amount of rules: 258.
		Level: 4 - amount of rules: 1026.
		Level: 3 - amount of rules: 4099.
		Level: 2 - amount of rules: 11295.
		Level: 1 - amount of rules: 4089.
	The extracted strings was saved in: [32mreport/2025-08-12/extract/artificial-fib41_result_extract_gc4_len10000.txt[0m
malloc_count ### exiting, total: 46,642,694, peak: 817,885, current: 4,096
Time: 0.114307678000000(s)

		 [33m Checking if the response file is the same as the expected file [0m


			 [0;32m The files are the same. [0m


	[34mPreparing for extract operation on the real-influenza file. [0m


[33m Generating expected responses for searched interval...[0m

	 [33mStarting extract with GCX - real-influenza - INTERVAL SIZE 1.[0m
	Using initial window of size 2 for LCP calculation.

[32mStarting to extract ...
[0m	Compressed file information:

		Amount of levels: 1
		Size initial partition: 2
		Initial symbol size: 77404278
		Level: 1 - amount of rules: 111 - size of rules 2.
	The extracted strings was saved in: [32mreport/2025-08-12/extract/real-influenza_1_substrings_results.txt[0m
malloc_count ### exiting, total: 317,410,100, peak: 271,585,291, current: 4,096
Time: 0.001829231000000(s)

		 [33m Checking if the response file is the same as the expected file [0m


			 [0;32m The files are the same. [0m


	 [33mStarting extract with GCX - real-influenza - INTERVAL SIZE 1.[0m
	Using initial window of size 4 for LCP calculation.

[32mStarting to extract ...
[0m	Compressed file information:

		Amount of levels: 2
		Size initial partition: 4
		Initial symbol size: 38702140
		Level: 2 - amount of rules: 111 - size of rules 2.
		Level: 1 - amount of rules: 1667 - size of rules 2.
	The extracted strings was saved in: [32mreport/2025-08-12/extract/real-influenza_1_substrings_results.txt[0m
malloc_count ### exiting, total: 177,118,244, peak: 131,293,435, current: 4,096
Time: 0.001690068000000(s)

		 [33m Checking if the response file is the same as the expected file [0m


			 [0;32m The files are the same. [0m


	 [33mStarting extract with GC* - INTERVAL SIZE 1.[0m
	Compressed file information:
		Size of Tuples: 2
		Amount of levels: 12
Tamanho do símbolo inicial: 37797
		Level: 12 - amount of rules: 111.
		Level: 11 - amount of rules: 1667.
		Level: 10 - amount of rules: 68375.
		Level: 9 - amount of rules: 858241.
		Level: 8 - amount of rules: 1206818.
		Level: 7 - amount of rules: 1181171.
		Level: 6 - amount of rules: 879485.
		Level: 5 - amount of rules: 540621.
		Level: 4 - amount of rules: 293518.
		Level: 3 - amount of rules: 150409.
		Level: 2 - amount of rules: 75578.
		Level: 1 - amount of rules: 37797.
	The extracted strings was saved in: [32mreport/2025-08-12/extract/real-influenza_result_extract_gc2_len1.txt[0m
malloc_count ### exiting, total: 73,976,348, peak: 28,151,539, current: 4,096
Time: 0.004965348000000(s)

		 [33m Checking if the response file is the same as the expected file [0m


			 [0;32m The files are the same. [0m

	Compressed file information:
		Size of Tuples: 4
		Amount of levels: 6
Tamanho do símbolo inicial: 37796
		Level: 6 - amount of rules: 1666.
		Level: 5 - amount of rules: 858240.
		Level: 4 - amount of rules: 1181170.
		Level: 3 - amount of rules: 540621.
		Level: 2 - amount of rules: 150408.
		Level: 1 - amount of rules: 37796.
	The extracted strings was saved in: [32mreport/2025-08-12/extract/real-influenza_result_extract_gc4_len1.txt[0m
malloc_count ### exiting, total: 72,019,054, peak: 26,194,245, current: 4,096
Time: 0.003058374000000(s)

		 [33m Checking if the response file is the same as the expected file [0m


			 [0;32m The files are the same. [0m


[33m Generating expected responses for searched interval...[0m

	 [33mStarting extract with GCX - real-influenza - INTERVAL SIZE 10.[0m
	Using initial window of size 2 for LCP calculation.

[32mStarting to extract ...
[0m	Compressed file information:

		Amount of levels: 1
		Size initial partition: 2
		Initial symbol size: 77404278
		Level: 1 - amount of rules: 111 - size of rules 2.
	The extracted strings was saved in: [32mreport/2025-08-12/extract/real-influenza_10_substrings_results.txt[0m
malloc_count ### exiting, total: 317,410,100, peak: 271,585,291, current: 4,096
Time: 0.001887250000000(s)

		 [33m Checking if the response file is the same as the expected file [0m


			 [0;32m The files are the same. [0m


	 [33mStarting extract with GCX - real-influenza - INTERVAL SIZE 10.[0m
	Using initial window of size 4 for LCP calculation.

[32mStarting to extract ...
[0m	Compressed file information:

		Amount of levels: 2
		Size initial partition: 4
		Initial symbol size: 38702140
		Level: 2 - amount of rules: 111 - size of rules 2.
		Level: 1 - amount of rules: 1667 - size of rules 2.
	The extracted strings was saved in: [32mreport/2025-08-12/extract/real-influenza_10_substrings_results.txt[0m
malloc_count ### exiting, total: 177,118,244, peak: 131,293,435, current: 4,096
Time: 0.001876548000000(s)

		 [33m Checking if the response file is the same as the expected file [0m


			 [0;32m The files are the same. [0m


	 [33mStarting extract with GC* - INTERVAL SIZE 10.[0m
	Compressed file information:
		Size of Tuples: 2
		Amount of levels: 12
Tamanho do símbolo inicial: 37797
		Level: 12 - amount of rules: 111.
		Level: 11 - amount of rules: 1667.
		Level: 10 - amount of rules: 68375.
		Level: 9 - amount of rules: 858241.
		Level: 8 - amount of rules: 1206818.
		Level: 7 - amount of rules: 1181171.
		Level: 6 - amount of rules: 879485.
		Level: 5 - amount of rules: 540621.
		Level: 4 - amount of rules: 293518.
		Level: 3 - amount of rules: 150409.
		Level: 2 - amount of rules: 75578.
		Level: 1 - amount of rules: 37797.
	The extracted strings was saved in: [32mreport/2025-08-12/extract/real-influenza_result_extract_gc2_len10.txt[0m
malloc_count ### exiting, total: 73,976,348, peak: 28,151,539, current: 4,096
Time: 0.007772608000000(s)

		 [33m Checking if the response file is the same as the expected file [0m


			 [0;32m The files are the same. [0m

	Compressed file information:
		Size of Tuples: 4
		Amount of levels: 6
Tamanho do símbolo inicial: 37796
		Level: 6 - amount of rules: 1666.
		Level: 5 - amount of rules: 858240.
		Level: 4 - amount of rules: 1181170.
		Level: 3 - amount of rules: 540621.
		Level: 2 - amount of rules: 150408.
		Level: 1 - amount of rules: 37796.
	The extracted strings was saved in: [32mreport/2025-08-12/extract/real-influenza_result_extract_gc4_len10.txt[0m
malloc_count ### exiting, total: 72,019,054, peak: 26,194,245, current: 4,096
Time: 0.004381427000000(s)

		 [33m Checking if the response file is the same as the expected file [0m


			 [0;32m The files are the same. [0m


[33m Generating expected responses for searched interval...[0m

	 [33mStarting extract with GCX - real-influenza - INTERVAL SIZE 100.[0m
	Using initial window of size 2 for LCP calculation.

[32mStarting to extract ...
[0m	Compressed file information:

		Amount of levels: 1
		Size initial partition: 2
		Initial symbol size: 77404278
		Level: 1 - amount of rules: 111 - size of rules 2.
	The extracted strings was saved in: [32mreport/2025-08-12/extract/real-influenza_100_substrings_results.txt[0m
malloc_count ### exiting, total: 317,410,100, peak: 271,585,291, current: 4,096
Time: 0.003177504000000(s)

		 [33m Checking if the response file is the same as the expected file [0m


			 [0;32m The files are the same. [0m


	 [33mStarting extract with GCX - real-influenza - INTERVAL SIZE 100.[0m
	Using initial window of size 4 for LCP calculation.

[32mStarting to extract ...
[0m	Compressed file information:

		Amount of levels: 2
		Size initial partition: 4
		Initial symbol size: 38702140
		Level: 2 - amount of rules: 111 - size of rules 2.
		Level: 1 - amount of rules: 1667 - size of rules 2.
	The extracted strings was saved in: [32mreport/2025-08-12/extract/real-influenza_100_substrings_results.txt[0m
malloc_count ### exiting, total: 177,118,244, peak: 131,293,435, current: 4,096
Time: 0.003850168000000(s)

		 [33m Checking if the response file is the same as the expected file [0m


			 [0;32m The files are the same. [0m


	 [33mStarting extract with GC* - INTERVAL SIZE 100.[0m
	Compressed file information:
		Size of Tuples: 2
		Amount of levels: 12
Tamanho do símbolo inicial: 37797
		Level: 12 - amount of rules: 111.
		Level: 11 - amount of rules: 1667.
		Level: 10 - amount of rules: 68375.
		Level: 9 - amount of rules: 858241.
		Level: 8 - amount of rules: 1206818.
		Level: 7 - amount of rules: 1181171.
		Level: 6 - amount of rules: 879485.
		Level: 5 - amount of rules: 540621.
		Level: 4 - amount of rules: 293518.
		Level: 3 - amount of rules: 150409.
		Level: 2 - amount of rules: 75578.
		Level: 1 - amount of rules: 37797.
	The extracted strings was saved in: [32mreport/2025-08-12/extract/real-influenza_result_extract_gc2_len100.txt[0m
malloc_count ### exiting, total: 73,976,348, peak: 28,151,539, current: 4,096
Time: 0.011310615000000(s)

		 [33m Checking if the response file is the same as the expected file [0m


			 [0;32m The files are the same. [0m

	Compressed file information:
		Size of Tuples: 4
		Amount of levels: 6
Tamanho do símbolo inicial: 37796
		Level: 6 - amount of rules: 1666.
		Level: 5 - amount of rules: 858240.
		Level: 4 - amount of rules: 1181170.
		Level: 3 - amount of rules: 540621.
		Level: 2 - amount of rules: 150408.
		Level: 1 - amount of rules: 37796.
	The extracted strings was saved in: [32mreport/2025-08-12/extract/real-influenza_result_extract_gc4_len100.txt[0m
malloc_count ### exiting, total: 72,019,054, peak: 26,194,245, current: 4,096
Time: 0.006763756000000(s)

		 [33m Checking if the response file is the same as the expected file [0m


			 [0;32m The files are the same. [0m


[33m Generating expected responses for searched interval...[0m

	 [33mStarting extract with GCX - real-influenza - INTERVAL SIZE 1000.[0m
	Using initial window of size 2 for LCP calculation.

[32mStarting to extract ...
[0m	Compressed file information:

		Amount of levels: 1
		Size initial partition: 2
		Initial symbol size: 77404278
		Level: 1 - amount of rules: 111 - size of rules 2.
	The extracted strings was saved in: [32mreport/2025-08-12/extract/real-influenza_1000_substrings_results.txt[0m
malloc_count ### exiting, total: 317,410,100, peak: 271,585,291, current: 4,096
Time: 0.016515467000000(s)

		 [33m Checking if the response file is the same as the expected file [0m


			 [0;32m The files are the same. [0m


	 [33mStarting extract with GCX - real-influenza - INTERVAL SIZE 1000.[0m
	Using initial window of size 4 for LCP calculation.

[32mStarting to extract ...
[0m	Compressed file information:

		Amount of levels: 2
		Size initial partition: 4
		Initial symbol size: 38702140
		Level: 2 - amount of rules: 111 - size of rules 2.
		Level: 1 - amount of rules: 1667 - size of rules 2.
	The extracted strings was saved in: [32mreport/2025-08-12/extract/real-influenza_1000_substrings_results.txt[0m
malloc_count ### exiting, total: 177,118,244, peak: 131,293,435, current: 4,096
Time: 0.022298883000000(s)

		 [33m Checking if the response file is the same as the expected file [0m


			 [0;32m The files are the same. [0m


	 [33mStarting extract with GC* - INTERVAL SIZE 1000.[0m
	Compressed file information:
		Size of Tuples: 2
		Amount of levels: 12
Tamanho do símbolo inicial: 37797
		Level: 12 - amount of rules: 111.
		Level: 11 - amount of rules: 1667.
		Level: 10 - amount of rules: 68375.
		Level: 9 - amount of rules: 858241.
		Level: 8 - amount of rules: 1206818.
		Level: 7 - amount of rules: 1181171.
		Level: 6 - amount of rules: 879485.
		Level: 5 - amount of rules: 540621.
		Level: 4 - amount of rules: 293518.
		Level: 3 - amount of rules: 150409.
		Level: 2 - amount of rules: 75578.
		Level: 1 - amount of rules: 37797.
	The extracted strings was saved in: [32mreport/2025-08-12/extract/real-influenza_result_extract_gc2_len1000.txt[0m
malloc_count ### exiting, total: 73,976,348, peak: 28,151,539, current: 4,096
Time: 0.044406782000000(s)

		 [33m Checking if the response file is the same as the expected file [0m


			 [0;32m The files are the same. [0m

	Compressed file information:
		Size of Tuples: 4
		Amount of levels: 6
Tamanho do símbolo inicial: 37796
		Level: 6 - amount of rules: 1666.
		Level: 5 - amount of rules: 858240.
		Level: 4 - amount of rules: 1181170.
		Level: 3 - amount of rules: 540621.
		Level: 2 - amount of rules: 150408.
		Level: 1 - amount of rules: 37796.
	The extracted strings was saved in: [32mreport/2025-08-12/extract/real-influenza_result_extract_gc4_len1000.txt[0m
malloc_count ### exiting, total: 72,019,054, peak: 26,194,245, current: 4,096
Time: 0.026892486000000(s)

		 [33m Checking if the response file is the same as the expected file [0m


			 [0;32m The files are the same. [0m


[33m Generating expected responses for searched interval...[0m

	 [33mStarting extract with GCX - real-influenza - INTERVAL SIZE 10000.[0m
	Using initial window of size 2 for LCP calculation.

[32mStarting to extract ...
[0m	Compressed file information:

		Amount of levels: 1
		Size initial partition: 2
		Initial symbol size: 77404278
		Level: 1 - amount of rules: 111 - size of rules 2.
	The extracted strings was saved in: [32mreport/2025-08-12/extract/real-influenza_10000_substrings_results.txt[0m
malloc_count ### exiting, total: 317,410,100, peak: 271,585,291, current: 4,096
Time: 0.141273865000000(s)

		 [33m Checking if the response file is the same as the expected file [0m


			 [0;32m The files are the same. [0m


	 [33mStarting extract with GCX - real-influenza - INTERVAL SIZE 10000.[0m
	Using initial window of size 4 for LCP calculation.

[32mStarting to extract ...
[0m	Compressed file information:

		Amount of levels: 2
		Size initial partition: 4
		Initial symbol size: 38702140
		Level: 2 - amount of rules: 111 - size of rules 2.
		Level: 1 - amount of rules: 1667 - size of rules 2.
	The extracted strings was saved in: [32mreport/2025-08-12/extract/real-influenza_10000_substrings_results.txt[0m
malloc_count ### exiting, total: 177,118,244, peak: 131,293,435, current: 4,096
Time: 0.203040366000000(s)

		 [33m Checking if the response file is the same as the expected file [0m


			 [0;32m The files are the same. [0m


	 [33mStarting extract with GC* - INTERVAL SIZE 10000.[0m
	Compressed file information:
		Size of Tuples: 2
		Amount of levels: 12
Tamanho do símbolo inicial: 37797
		Level: 12 - amount of rules: 111.
		Level: 11 - amount of rules: 1667.
		Level: 10 - amount of rules: 68375.
		Level: 9 - amount of rules: 858241.
		Level: 8 - amount of rules: 1206818.
		Level: 7 - amount of rules: 1181171.
		Level: 6 - amount of rules: 879485.
		Level: 5 - amount of rules: 540621.
		Level: 4 - amount of rules: 293518.
		Level: 3 - amount of rules: 150409.
		Level: 2 - amount of rules: 75578.
		Level: 1 - amount of rules: 37797.
	The extracted strings was saved in: [32mreport/2025-08-12/extract/real-influenza_result_extract_gc2_len10000.txt[0m
malloc_count ### exiting, total: 73,976,348, peak: 28,151,539, current: 4,096
Time: 0.384048392000000(s)

		 [33m Checking if the response file is the same as the expected file [0m


			 [0;32m The files are the same. [0m

	Compressed file information:
		Size of Tuples: 4
		Amount of levels: 6
Tamanho do símbolo inicial: 37796
		Level: 6 - amount of rules: 1666.
		Level: 5 - amount of rules: 858240.
		Level: 4 - amount of rules: 1181170.
		Level: 3 - amount of rules: 540621.
		Level: 2 - amount of rules: 150408.
		Level: 1 - amount of rules: 37796.
	The extracted strings was saved in: [32mreport/2025-08-12/extract/real-influenza_result_extract_gc4_len10000.txt[0m
malloc_count ### exiting, total: 72,019,054, peak: 26,194,245, current: 4,096
Time: 0.183462824000000(s)

		 [33m Checking if the response file is the same as the expected file [0m


			 [0;32m The files are the same. [0m


	[34mPreparing for extract operation on the real-kernel file. [0m


[33m Generating expected responses for searched interval...[0m

	 [33mStarting extract with GCX - real-kernel - INTERVAL SIZE 1.[0m
	Using initial window of size 2 for LCP calculation.

[32mStarting to extract ...
[0m	Compressed file information:

		Amount of levels: 1
		Size initial partition: 2
		Initial symbol size: 128980809
		Level: 1 - amount of rules: 7107 - size of rules 2.
	The extracted strings was saved in: [32mreport/2025-08-12/extract/real-kernel_1_substrings_results.txt[0m
malloc_count ### exiting, total: 497,941,948, peak: 452,117,139, current: 4,096
Time: 0.001980822000000(s)

		 [33m Checking if the response file is the same as the expected file [0m


			 [0;32m The files are the same. [0m


	 [33mStarting extract with GCX - real-kernel - INTERVAL SIZE 1.[0m
	Using initial window of size 4 for LCP calculation.

[32mStarting to extract ...
[0m	Compressed file information:

		Amount of levels: 2
		Size initial partition: 4
		Initial symbol size: 64490406
		Level: 2 - amount of rules: 7107 - size of rules 2.
		Level: 1 - amount of rules: 342175 - size of rules 2.
	The extracted strings was saved in: [32mreport/2025-08-12/extract/real-kernel_1_substrings_results.txt[0m
malloc_count ### exiting, total: 265,361,916, peak: 219,537,107, current: 4,096
Time: 0.002131102000000(s)

		 [33m Checking if the response file is the same as the expected file [0m


			 [0;32m The files are the same. [0m


	 [33mStarting extract with GC* - INTERVAL SIZE 1.[0m
	Compressed file information:
		Size of Tuples: 2
		Amount of levels: 15
Tamanho do símbolo inicial: 7874
		Level: 15 - amount of rules: 7107.
		Level: 14 - amount of rules: 342174.
		Level: 13 - amount of rules: 2320814.
		Level: 12 - amount of rules: 4781641.
		Level: 11 - amount of rules: 4569340.
		Level: 10 - amount of rules: 3071389.
		Level: 9 - amount of rules: 1775208.
		Level: 8 - amount of rules: 949944.
		Level: 7 - amount of rules: 491930.
		Level: 6 - amount of rules: 249010.
		Level: 5 - amount of rules: 125298.
		Level: 4 - amount of rules: 62861.
		Level: 3 - amount of rules: 31452.
		Level: 2 - amount of rules: 15744.
		Level: 1 - amount of rules: 7874.
	The extracted strings was saved in: [32mreport/2025-08-12/extract/real-kernel_result_extract_gc2_len1.txt[0m
malloc_count ### exiting, total: 153,028,200, peak: 107,203,391, current: 4,096
Time: 0.009034500000000(s)

		 [33m Checking if the response file is the same as the expected file [0m


			 [0;32m The files are the same. [0m

	Compressed file information:
		Size of Tuples: 4
		Amount of levels: 8
Tamanho do símbolo inicial: 3937
		Level: 8 - amount of rules: 342174.
		Level: 7 - amount of rules: 4781641.
		Level: 6 - amount of rules: 3071388.
		Level: 5 - amount of rules: 949943.
		Level: 4 - amount of rules: 249009.
		Level: 3 - amount of rules: 62861.
		Level: 2 - amount of rules: 15744.
		Level: 1 - amount of rules: 3937.
	The extracted strings was saved in: [32mreport/2025-08-12/extract/real-kernel_result_extract_gc4_len1.txt[0m
malloc_count ### exiting, total: 146,842,926, peak: 101,018,117, current: 4,096
Time: 0.005465086000000(s)

		 [33m Checking if the response file is the same as the expected file [0m


			 [0;32m The files are the same. [0m


[33m Generating expected responses for searched interval...[0m

	 [33mStarting extract with GCX - real-kernel - INTERVAL SIZE 10.[0m
	Using initial window of size 2 for LCP calculation.

[32mStarting to extract ...
[0m	Compressed file information:

		Amount of levels: 1
		Size initial partition: 2
		Initial symbol size: 128980809
		Level: 1 - amount of rules: 7107 - size of rules 2.
	The extracted strings was saved in: [32mreport/2025-08-12/extract/real-kernel_10_substrings_results.txt[0m
malloc_count ### exiting, total: 497,941,948, peak: 452,117,139, current: 4,096
Time: 0.002062934000000(s)

		 [33m Checking if the response file is the same as the expected file [0m


			 [0;32m The files are the same. [0m


	 [33mStarting extract with GCX - real-kernel - INTERVAL SIZE 10.[0m
	Using initial window of size 4 for LCP calculation.

[32mStarting to extract ...
[0m	Compressed file information:

		Amount of levels: 2
		Size initial partition: 4
		Initial symbol size: 64490406
		Level: 2 - amount of rules: 7107 - size of rules 2.
		Level: 1 - amount of rules: 342175 - size of rules 2.
	The extracted strings was saved in: [32mreport/2025-08-12/extract/real-kernel_10_substrings_results.txt[0m
malloc_count ### exiting, total: 265,361,916, peak: 219,537,107, current: 4,096
Time: 0.002062941000000(s)

		 [33m Checking if the response file is the same as the expected file [0m


			 [0;32m The files are the same. [0m


	 [33mStarting extract with GC* - INTERVAL SIZE 10.[0m
	Compressed file information:
		Size of Tuples: 2
		Amount of levels: 15
Tamanho do símbolo inicial: 7874
		Level: 15 - amount of rules: 7107.
		Level: 14 - amount of rules: 342174.
		Level: 13 - amount of rules: 2320814.
		Level: 12 - amount of rules: 4781641.
		Level: 11 - amount of rules: 4569340.
		Level: 10 - amount of rules: 3071389.
		Level: 9 - amount of rules: 1775208.
		Level: 8 - amount of rules: 949944.
		Level: 7 - amount of rules: 491930.
		Level: 6 - amount of rules: 249010.
		Level: 5 - amount of rules: 125298.
		Level: 4 - amount of rules: 62861.
		Level: 3 - amount of rules: 31452.
		Level: 2 - amount of rules: 15744.
		Level: 1 - amount of rules: 7874.
	The extracted strings was saved in: [32mreport/2025-08-12/extract/real-kernel_result_extract_gc2_len10.txt[0m
malloc_count ### exiting, total: 153,028,200, peak: 107,203,391, current: 4,096
Time: 0.009825386000000(s)

		 [33m Checking if the response file is the same as the expected file [0m


			 [0;32m The files are the same. [0m

	Compressed file information:
		Size of Tuples: 4
		Amount of levels: 8
Tamanho do símbolo inicial: 3937
		Level: 8 - amount of rules: 342174.
		Level: 7 - amount of rules: 4781641.
		Level: 6 - amount of rules: 3071388.
		Level: 5 - amount of rules: 949943.
		Level: 4 - amount of rules: 249009.
		Level: 3 - amount of rules: 62861.
		Level: 2 - amount of rules: 15744.
		Level: 1 - amount of rules: 3937.
	The extracted strings was saved in: [32mreport/2025-08-12/extract/real-kernel_result_extract_gc4_len10.txt[0m
malloc_count ### exiting, total: 146,842,926, peak: 101,018,117, current: 4,096
Time: 0.005523226000000(s)

		 [33m Checking if the response file is the same as the expected file [0m


			 [0;32m The files are the same. [0m


[33m Generating expected responses for searched interval...[0m

	 [33mStarting extract with GCX - real-kernel - INTERVAL SIZE 100.[0m
	Using initial window of size 2 for LCP calculation.

[32mStarting to extract ...
[0m	Compressed file information:

		Amount of levels: 1
		Size initial partition: 2
		Initial symbol size: 128980809
		Level: 1 - amount of rules: 7107 - size of rules 2.
	The extracted strings was saved in: [32mreport/2025-08-12/extract/real-kernel_100_substrings_results.txt[0m
malloc_count ### exiting, total: 497,941,948, peak: 452,117,139, current: 4,096
Time: 0.003354083000000(s)

		 [33m Checking if the response file is the same as the expected file [0m


			 [0;32m The files are the same. [0m


	 [33mStarting extract with GCX - real-kernel - INTERVAL SIZE 100.[0m
	Using initial window of size 4 for LCP calculation.

[32mStarting to extract ...
[0m	Compressed file information:

		Amount of levels: 2
		Size initial partition: 4
		Initial symbol size: 64490406
		Level: 2 - amount of rules: 7107 - size of rules 2.
		Level: 1 - amount of rules: 342175 - size of rules 2.
	The extracted strings was saved in: [32mreport/2025-08-12/extract/real-kernel_100_substrings_results.txt[0m
malloc_count ### exiting, total: 265,361,916, peak: 219,537,107, current: 4,096
Time: 0.005725162000000(s)

		 [33m Checking if the response file is the same as the expected file [0m


			 [0;32m The files are the same. [0m


	 [33mStarting extract with GC* - INTERVAL SIZE 100.[0m
	Compressed file information:
		Size of Tuples: 2
		Amount of levels: 15
Tamanho do símbolo inicial: 7874
		Level: 15 - amount of rules: 7107.
		Level: 14 - amount of rules: 342174.
		Level: 13 - amount of rules: 2320814.
		Level: 12 - amount of rules: 4781641.
		Level: 11 - amount of rules: 4569340.
		Level: 10 - amount of rules: 3071389.
		Level: 9 - amount of rules: 1775208.
		Level: 8 - amount of rules: 949944.
		Level: 7 - amount of rules: 491930.
		Level: 6 - amount of rules: 249010.
		Level: 5 - amount of rules: 125298.
		Level: 4 - amount of rules: 62861.
		Level: 3 - amount of rules: 31452.
		Level: 2 - amount of rules: 15744.
		Level: 1 - amount of rules: 7874.
	The extracted strings was saved in: [32mreport/2025-08-12/extract/real-kernel_result_extract_gc2_len100.txt[0m
malloc_count ### exiting, total: 153,028,200, peak: 107,203,391, current: 4,096
Time: 0.018961810000000(s)

		 [33m Checking if the response file is the same as the expected file [0m


			 [0;32m The files are the same. [0m

	Compressed file information:
		Size of Tuples: 4
		Amount of levels: 8
Tamanho do símbolo inicial: 3937
		Level: 8 - amount of rules: 342174.
		Level: 7 - amount of rules: 4781641.
		Level: 6 - amount of rules: 3071388.
		Level: 5 - amount of rules: 949943.
		Level: 4 - amount of rules: 249009.
		Level: 3 - amount of rules: 62861.
		Level: 2 - amount of rules: 15744.
		Level: 1 - amount of rules: 3937.
	The extracted strings was saved in: [32mreport/2025-08-12/extract/real-kernel_result_extract_gc4_len100.txt[0m
malloc_count ### exiting, total: 146,842,926, peak: 101,018,117, current: 4,096
Time: 0.010626974000000(s)

		 [33m Checking if the response file is the same as the expected file [0m


			 [0;32m The files are the same. [0m


[33m Generating expected responses for searched interval...[0m

	 [33mStarting extract with GCX - real-kernel - INTERVAL SIZE 1000.[0m
	Using initial window of size 2 for LCP calculation.

[32mStarting to extract ...
[0m	Compressed file information:

		Amount of levels: 1
		Size initial partition: 2
		Initial symbol size: 128980809
		Level: 1 - amount of rules: 7107 - size of rules 2.
	The extracted strings was saved in: [32mreport/2025-08-12/extract/real-kernel_1000_substrings_results.txt[0m
malloc_count ### exiting, total: 497,941,948, peak: 452,117,139, current: 4,096
Time: 0.017311735000000(s)

		 [33m Checking if the response file is the same as the expected file [0m


			 [0;32m The files are the same. [0m


	 [33mStarting extract with GCX - real-kernel - INTERVAL SIZE 1000.[0m
	Using initial window of size 4 for LCP calculation.

[32mStarting to extract ...
[0m	Compressed file information:

		Amount of levels: 2
		Size initial partition: 4
		Initial symbol size: 64490406
		Level: 2 - amount of rules: 7107 - size of rules 2.
		Level: 1 - amount of rules: 342175 - size of rules 2.
	The extracted strings was saved in: [32mreport/2025-08-12/extract/real-kernel_1000_substrings_results.txt[0m
malloc_count ### exiting, total: 265,361,916, peak: 219,537,107, current: 4,096
Time: 0.029364879000000(s)

		 [33m Checking if the response file is the same as the expected file [0m


			 [0;32m The files are the same. [0m


	 [33mStarting extract with GC* - INTERVAL SIZE 1000.[0m
	Compressed file information:
		Size of Tuples: 2
		Amount of levels: 15
Tamanho do símbolo inicial: 7874
		Level: 15 - amount of rules: 7107.
		Level: 14 - amount of rules: 342174.
		Level: 13 - amount of rules: 2320814.
		Level: 12 - amount of rules: 4781641.
		Level: 11 - amount of rules: 4569340.
		Level: 10 - amount of rules: 3071389.
		Level: 9 - amount of rules: 1775208.
		Level: 8 - amount of rules: 949944.
		Level: 7 - amount of rules: 491930.
		Level: 6 - amount of rules: 249010.
		Level: 5 - amount of rules: 125298.
		Level: 4 - amount of rules: 62861.
		Level: 3 - amount of rules: 31452.
		Level: 2 - amount of rules: 15744.
		Level: 1 - amount of rules: 7874.
	The extracted strings was saved in: [32mreport/2025-08-12/extract/real-kernel_result_extract_gc2_len1000.txt[0m
malloc_count ### exiting, total: 153,028,200, peak: 107,203,391, current: 4,096
Time: 0.095074924000000(s)

		 [33m Checking if the response file is the same as the expected file [0m


			 [0;32m The files are the same. [0m

	Compressed file information:
		Size of Tuples: 4
		Amount of levels: 8
Tamanho do símbolo inicial: 3937
		Level: 8 - amount of rules: 342174.
		Level: 7 - amount of rules: 4781641.
		Level: 6 - amount of rules: 3071388.
		Level: 5 - amount of rules: 949943.
		Level: 4 - amount of rules: 249009.
		Level: 3 - amount of rules: 62861.
		Level: 2 - amount of rules: 15744.
		Level: 1 - amount of rules: 3937.
	The extracted strings was saved in: [32mreport/2025-08-12/extract/real-kernel_result_extract_gc4_len1000.txt[0m
malloc_count ### exiting, total: 146,842,926, peak: 101,018,117, current: 4,096
Time: 0.050912769000000(s)

		 [33m Checking if the response file is the same as the expected file [0m


			 [0;32m The files are the same. [0m


[33m Generating expected responses for searched interval...[0m

	 [33mStarting extract with GCX - real-kernel - INTERVAL SIZE 10000.[0m
	Using initial window of size 2 for LCP calculation.

[32mStarting to extract ...
[0m	Compressed file information:

		Amount of levels: 1
		Size initial partition: 2
		Initial symbol size: 128980809
		Level: 1 - amount of rules: 7107 - size of rules 2.
	The extracted strings was saved in: [32mreport/2025-08-12/extract/real-kernel_10000_substrings_results.txt[0m
malloc_count ### exiting, total: 497,941,948, peak: 452,117,139, current: 4,096
Time: 0.142368239000000(s)

		 [33m Checking if the response file is the same as the expected file [0m


			 [0;32m The files are the same. [0m


	 [33mStarting extract with GCX - real-kernel - INTERVAL SIZE 10000.[0m
	Using initial window of size 4 for LCP calculation.

[32mStarting to extract ...
[0m	Compressed file information:

		Amount of levels: 2
		Size initial partition: 4
		Initial symbol size: 64490406
		Level: 2 - amount of rules: 7107 - size of rules 2.
		Level: 1 - amount of rules: 342175 - size of rules 2.
	The extracted strings was saved in: [32mreport/2025-08-12/extract/real-kernel_10000_substrings_results.txt[0m
malloc_count ### exiting, total: 265,361,916, peak: 219,537,107, current: 4,096
Time: 0.267799782000000(s)

		 [33m Checking if the response file is the same as the expected file [0m


			 [0;32m The files are the same. [0m


	 [33mStarting extract with GC* - INTERVAL SIZE 10000.[0m
	Compressed file information:
		Size of Tuples: 2
		Amount of levels: 15
Tamanho do símbolo inicial: 7874
		Level: 15 - amount of rules: 7107.
		Level: 14 - amount of rules: 342174.
		Level: 13 - amount of rules: 2320814.
		Level: 12 - amount of rules: 4781641.
		Level: 11 - amount of rules: 4569340.
		Level: 10 - amount of rules: 3071389.
		Level: 9 - amount of rules: 1775208.
		Level: 8 - amount of rules: 949944.
		Level: 7 - amount of rules: 491930.
		Level: 6 - amount of rules: 249010.
		Level: 5 - amount of rules: 125298.
		Level: 4 - amount of rules: 62861.
		Level: 3 - amount of rules: 31452.
		Level: 2 - amount of rules: 15744.
		Level: 1 - amount of rules: 7874.
	The extracted strings was saved in: [32mreport/2025-08-12/extract/real-kernel_result_extract_gc2_len10000.txt[0m
malloc_count ### exiting, total: 153,028,200, peak: 107,203,391, current: 4,096
Time: 0.850605408000000(s)

		 [33m Checking if the response file is the same as the expected file [0m


			 [0;32m The files are the same. [0m

	Compressed file information:
		Size of Tuples: 4
		Amount of levels: 8
Tamanho do símbolo inicial: 3937
		Level: 8 - amount of rules: 342174.
		Level: 7 - amount of rules: 4781641.
		Level: 6 - amount of rules: 3071388.
		Level: 5 - amount of rules: 949943.
		Level: 4 - amount of rules: 249009.
		Level: 3 - amount of rules: 62861.
		Level: 2 - amount of rules: 15744.
		Level: 1 - amount of rules: 3937.
	The extracted strings was saved in: [32mreport/2025-08-12/extract/real-kernel_result_extract_gc4_len10000.txt[0m
malloc_count ### exiting, total: 146,842,926, peak: 101,018,117, current: 4,096
Time: 0.463357431000000(s)

		 [33m Checking if the response file is the same as the expected file [0m


			 [0;32m The files are the same. [0m


	[34mPreparing for extract operation on the real-para file. [0m


[33m Generating expected responses for searched interval...[0m

	 [33mStarting extract with GCX - real-para - INTERVAL SIZE 1.[0m
	Using initial window of size 2 for LCP calculation.

[32mStarting to extract ...
[0m[31m[ERROR][0m An error occurred while opening the compressed file.
malloc_count ### exiting, total: 5,369, peak: 4,856, current: 4,096

		 [33m Checking if the response file is the same as the expected file [0m


			 [31m The files are the differents. [0m

rm: cannot remove 'report/2025-08-12/extract/real-para_1_substrings_results.txt': No such file or directory

	 [33mStarting extract with GCX - real-para - INTERVAL SIZE 1.[0m
	Using initial window of size 4 for LCP calculation.

[32mStarting to extract ...
[0m[31m[ERROR][0m An error occurred while opening the compressed file.
malloc_count ### exiting, total: 5,369, peak: 4,856, current: 4,096

		 [33m Checking if the response file is the same as the expected file [0m


			 [31m The files are the differents. [0m

rm: cannot remove 'report/2025-08-12/extract/real-para_1_substrings_results.txt': No such file or directory

	 [33mStarting extract with GC* - INTERVAL SIZE 1.[0m
	Compressed file information:
		Size of Tuples: 2
		Amount of levels: 14
Tamanho do símbolo inicial: 26202
		Level: 14 - amount of rules: 26.
		Level: 13 - amount of rules: 627.
		Level: 12 - amount of rules: 89949.
		Level: 11 - amount of rules: 12202645.
		Level: 10 - amount of rules: 9054692.
		Level: 9 - amount of rules: 5522849.
		Level: 8 - amount of rules: 3029722.
		Level: 7 - amount of rules: 1580697.
		Level: 6 - amount of rules: 808662.
		Level: 5 - amount of rules: 410392.
		Level: 4 - amount of rules: 207300.
		Level: 3 - amount of rules: 104406.
		Level: 2 - amount of rules: 52369.
		Level: 1 - amount of rules: 26202.
	The extracted strings was saved in: [32mreport/2025-08-12/extract/real-para_result_extract_gc2_len1.txt[0m
malloc_count ### exiting, total: 228,566,890, peak: 182,742,081, current: 4,096
Time: 0.010009900000000(s)

		 [33m Checking if the response file is the same as the expected file [0m


			 [0;32m The files are the same. [0m

	Compressed file information:
		Size of Tuples: 4
		Amount of levels: 7
Tamanho do símbolo inicial: 26201
		Level: 7 - amount of rules: 626.
		Level: 6 - amount of rules: 12202645.
		Level: 5 - amount of rules: 5522848.
		Level: 4 - amount of rules: 1580696.
		Level: 3 - amount of rules: 410392.
		Level: 2 - amount of rules: 104405.
		Level: 1 - amount of rules: 26201.
	The extracted strings was saved in: [32mreport/2025-08-12/extract/real-para_result_extract_gc4_len1.txt[0m
malloc_count ### exiting, total: 207,462,826, peak: 161,638,017, current: 4,096
Time: 0.005567621000000(s)

		 [33m Checking if the response file is the same as the expected file [0m


			 [0;32m The files are the same. [0m


[33m Generating expected responses for searched interval...[0m

	 [33mStarting extract with GCX - real-para - INTERVAL SIZE 10.[0m
	Using initial window of size 2 for LCP calculation.

[32mStarting to extract ...
[0m[31m[ERROR][0m An error occurred while opening the compressed file.
malloc_count ### exiting, total: 5,369, peak: 4,856, current: 4,096

		 [33m Checking if the response file is the same as the expected file [0m


			 [31m The files are the differents. [0m

rm: cannot remove 'report/2025-08-12/extract/real-para_10_substrings_results.txt': No such file or directory

	 [33mStarting extract with GCX - real-para - INTERVAL SIZE 10.[0m
	Using initial window of size 4 for LCP calculation.

[32mStarting to extract ...
[0m[31m[ERROR][0m An error occurred while opening the compressed file.
malloc_count ### exiting, total: 5,369, peak: 4,856, current: 4,096

		 [33m Checking if the response file is the same as the expected file [0m


			 [31m The files are the differents. [0m

rm: cannot remove 'report/2025-08-12/extract/real-para_10_substrings_results.txt': No such file or directory

	 [33mStarting extract with GC* - INTERVAL SIZE 10.[0m
	Compressed file information:
		Size of Tuples: 2
		Amount of levels: 14
Tamanho do símbolo inicial: 26202
		Level: 14 - amount of rules: 26.
		Level: 13 - amount of rules: 627.
		Level: 12 - amount of rules: 89949.
		Level: 11 - amount of rules: 12202645.
		Level: 10 - amount of rules: 9054692.
		Level: 9 - amount of rules: 5522849.
		Level: 8 - amount of rules: 3029722.
		Level: 7 - amount of rules: 1580697.
		Level: 6 - amount of rules: 808662.
		Level: 5 - amount of rules: 410392.
		Level: 4 - amount of rules: 207300.
		Level: 3 - amount of rules: 104406.
		Level: 2 - amount of rules: 52369.
		Level: 1 - amount of rules: 26202.
	The extracted strings was saved in: [32mreport/2025-08-12/extract/real-para_result_extract_gc2_len10.txt[0m
malloc_count ### exiting, total: 228,566,890, peak: 182,742,081, current: 4,096
Time: 0.010788143000000(s)

		 [33m Checking if the response file is the same as the expected file [0m


			 [0;32m The files are the same. [0m

	Compressed file information:
		Size of Tuples: 4
		Amount of levels: 7
Tamanho do símbolo inicial: 26201
		Level: 7 - amount of rules: 626.
		Level: 6 - amount of rules: 12202645.
		Level: 5 - amount of rules: 5522848.
		Level: 4 - amount of rules: 1580696.
		Level: 3 - amount of rules: 410392.
		Level: 2 - amount of rules: 104405.
		Level: 1 - amount of rules: 26201.
	The extracted strings was saved in: [32mreport/2025-08-12/extract/real-para_result_extract_gc4_len10.txt[0m
malloc_count ### exiting, total: 207,462,826, peak: 161,638,017, current: 4,096
Time: 0.005904080000000(s)

		 [33m Checking if the response file is the same as the expected file [0m


			 [0;32m The files are the same. [0m


[33m Generating expected responses for searched interval...[0m

	 [33mStarting extract with GCX - real-para - INTERVAL SIZE 100.[0m
	Using initial window of size 2 for LCP calculation.

[32mStarting to extract ...
[0m[31m[ERROR][0m An error occurred while opening the compressed file.
malloc_count ### exiting, total: 5,369, peak: 4,856, current: 4,096

		 [33m Checking if the response file is the same as the expected file [0m


			 [31m The files are the differents. [0m

rm: cannot remove 'report/2025-08-12/extract/real-para_100_substrings_results.txt': No such file or directory

	 [33mStarting extract with GCX - real-para - INTERVAL SIZE 100.[0m
	Using initial window of size 4 for LCP calculation.

[32mStarting to extract ...
[0m[31m[ERROR][0m An error occurred while opening the compressed file.
malloc_count ### exiting, total: 5,369, peak: 4,856, current: 4,096

		 [33m Checking if the response file is the same as the expected file [0m


			 [31m The files are the differents. [0m

rm: cannot remove 'report/2025-08-12/extract/real-para_100_substrings_results.txt': No such file or directory

	 [33mStarting extract with GC* - INTERVAL SIZE 100.[0m
	Compressed file information:
		Size of Tuples: 2
		Amount of levels: 14
Tamanho do símbolo inicial: 26202
		Level: 14 - amount of rules: 26.
		Level: 13 - amount of rules: 627.
		Level: 12 - amount of rules: 89949.
		Level: 11 - amount of rules: 12202645.
		Level: 10 - amount of rules: 9054692.
		Level: 9 - amount of rules: 5522849.
		Level: 8 - amount of rules: 3029722.
		Level: 7 - amount of rules: 1580697.
		Level: 6 - amount of rules: 808662.
		Level: 5 - amount of rules: 410392.
		Level: 4 - amount of rules: 207300.
		Level: 3 - amount of rules: 104406.
		Level: 2 - amount of rules: 52369.
		Level: 1 - amount of rules: 26202.
	The extracted strings was saved in: [32mreport/2025-08-12/extract/real-para_result_extract_gc2_len100.txt[0m
malloc_count ### exiting, total: 228,566,890, peak: 182,742,081, current: 4,096
Time: 0.016092179000000(s)

		 [33m Checking if the response file is the same as the expected file [0m


			 [0;32m The files are the same. [0m

	Compressed file information:
		Size of Tuples: 4
		Amount of levels: 7
Tamanho do símbolo inicial: 26201
		Level: 7 - amount of rules: 626.
		Level: 6 - amount of rules: 12202645.
		Level: 5 - amount of rules: 5522848.
		Level: 4 - amount of rules: 1580696.
		Level: 3 - amount of rules: 410392.
		Level: 2 - amount of rules: 104405.
		Level: 1 - amount of rules: 26201.
	The extracted strings was saved in: [32mreport/2025-08-12/extract/real-para_result_extract_gc4_len100.txt[0m
malloc_count ### exiting, total: 207,462,826, peak: 161,638,017, current: 4,096
Time: 0.009393617000000(s)

		 [33m Checking if the response file is the same as the expected file [0m


			 [0;32m The files are the same. [0m


[33m Generating expected responses for searched interval...[0m

	 [33mStarting extract with GCX - real-para - INTERVAL SIZE 1000.[0m
	Using initial window of size 2 for LCP calculation.

[32mStarting to extract ...
[0m[31m[ERROR][0m An error occurred while opening the compressed file.
malloc_count ### exiting, total: 5,369, peak: 4,856, current: 4,096

		 [33m Checking if the response file is the same as the expected file [0m


			 [31m The files are the differents. [0m

rm: cannot remove 'report/2025-08-12/extract/real-para_1000_substrings_results.txt': No such file or directory

	 [33mStarting extract with GCX - real-para - INTERVAL SIZE 1000.[0m
	Using initial window of size 4 for LCP calculation.

[32mStarting to extract ...
[0m[31m[ERROR][0m An error occurred while opening the compressed file.
malloc_count ### exiting, total: 5,369, peak: 4,856, current: 4,096

		 [33m Checking if the response file is the same as the expected file [0m


			 [31m The files are the differents. [0m

rm: cannot remove 'report/2025-08-12/extract/real-para_1000_substrings_results.txt': No such file or directory

	 [33mStarting extract with GC* - INTERVAL SIZE 1000.[0m
	Compressed file information:
		Size of Tuples: 2
		Amount of levels: 14
Tamanho do símbolo inicial: 26202
		Level: 14 - amount of rules: 26.
		Level: 13 - amount of rules: 627.
		Level: 12 - amount of rules: 89949.
		Level: 11 - amount of rules: 12202645.
		Level: 10 - amount of rules: 9054692.
		Level: 9 - amount of rules: 5522849.
		Level: 8 - amount of rules: 3029722.
		Level: 7 - amount of rules: 1580697.
		Level: 6 - amount of rules: 808662.
		Level: 5 - amount of rules: 410392.
		Level: 4 - amount of rules: 207300.
		Level: 3 - amount of rules: 104406.
		Level: 2 - amount of rules: 52369.
		Level: 1 - amount of rules: 26202.
	The extracted strings was saved in: [32mreport/2025-08-12/extract/real-para_result_extract_gc2_len1000.txt[0m
malloc_count ### exiting, total: 228,566,890, peak: 182,742,081, current: 4,096
Time: 0.079216755000000(s)

		 [33m Checking if the response file is the same as the expected file [0m


			 [0;32m The files are the same. [0m

	Compressed file information:
		Size of Tuples: 4
		Amount of levels: 7
Tamanho do símbolo inicial: 26201
		Level: 7 - amount of rules: 626.
		Level: 6 - amount of rules: 12202645.
		Level: 5 - amount of rules: 5522848.
		Level: 4 - amount of rules: 1580696.
		Level: 3 - amount of rules: 410392.
		Level: 2 - amount of rules: 104405.
		Level: 1 - amount of rules: 26201.
	The extracted strings was saved in: [32mreport/2025-08-12/extract/real-para_result_extract_gc4_len1000.txt[0m
malloc_count ### exiting, total: 207,462,826, peak: 161,638,017, current: 4,096
Time: 0.053306400000000(s)

		 [33m Checking if the response file is the same as the expected file [0m


			 [0;32m The files are the same. [0m


[33m Generating expected responses for searched interval...[0m

	 [33mStarting extract with GCX - real-para - INTERVAL SIZE 10000.[0m
	Using initial window of size 2 for LCP calculation.

[32mStarting to extract ...
[0m[31m[ERROR][0m An error occurred while opening the compressed file.
malloc_count ### exiting, total: 5,369, peak: 4,856, current: 4,096

		 [33m Checking if the response file is the same as the expected file [0m


			 [31m The files are the differents. [0m

rm: cannot remove 'report/2025-08-12/extract/real-para_10000_substrings_results.txt': No such file or directory

	 [33mStarting extract with GCX - real-para - INTERVAL SIZE 10000.[0m
	Using initial window of size 4 for LCP calculation.

[32mStarting to extract ...
[0m[31m[ERROR][0m An error occurred while opening the compressed file.
malloc_count ### exiting, total: 5,369, peak: 4,856, current: 4,096

		 [33m Checking if the response file is the same as the expected file [0m


			 [31m The files are the differents. [0m

rm: cannot remove 'report/2025-08-12/extract/real-para_10000_substrings_results.txt': No such file or directory

	 [33mStarting extract with GC* - INTERVAL SIZE 10000.[0m
	Compressed file information:
		Size of Tuples: 2
		Amount of levels: 14
Tamanho do símbolo inicial: 26202
		Level: 14 - amount of rules: 26.
		Level: 13 - amount of rules: 627.
		Level: 12 - amount of rules: 89949.
		Level: 11 - amount of rules: 12202645.
		Level: 10 - amount of rules: 9054692.
		Level: 9 - amount of rules: 5522849.
		Level: 8 - amount of rules: 3029722.
		Level: 7 - amount of rules: 1580697.
		Level: 6 - amount of rules: 808662.
		Level: 5 - amount of rules: 410392.
		Level: 4 - amount of rules: 207300.
		Level: 3 - amount of rules: 104406.
		Level: 2 - amount of rules: 52369.
		Level: 1 - amount of rules: 26202.
	The extracted strings was saved in: [32mreport/2025-08-12/extract/real-para_result_extract_gc2_len10000.txt[0m
malloc_count ### exiting, total: 228,566,890, peak: 182,742,081, current: 4,096
Time: 0.732113275000000(s)

		 [33m Checking if the response file is the same as the expected file [0m


			 [0;32m The files are the same. [0m

	Compressed file information:
		Size of Tuples: 4
		Amount of levels: 7
Tamanho do símbolo inicial: 26201
		Level: 7 - amount of rules: 626.
		Level: 6 - amount of rules: 12202645.
		Level: 5 - amount of rules: 5522848.
		Level: 4 - amount of rules: 1580696.
		Level: 3 - amount of rules: 410392.
		Level: 2 - amount of rules: 104405.
		Level: 1 - amount of rules: 26201.
	The extracted strings was saved in: [32mreport/2025-08-12/extract/real-para_result_extract_gc4_len10000.txt[0m
malloc_count ### exiting, total: 207,462,826, peak: 161,638,017, current: 4,096
Time: 0.493291359000000(s)

		 [33m Checking if the response file is the same as the expected file [0m


			 [0;32m The files are the same. [0m


	[34mPreparing for extract operation on the pseudo-real-proteins.001.1 file. [0m


[33m Generating expected responses for searched interval...[0m

	 [33mStarting extract with GCX - pseudo-real-proteins.001.1 - INTERVAL SIZE 1.[0m
	Using initial window of size 2 for LCP calculation.

[32mStarting to extract ...
[0m	Compressed file information:

		Amount of levels: 1
		Size initial partition: 2
		Initial symbol size: 52428801
		Level: 1 - amount of rules: 420 - size of rules 2.
	The extracted strings was saved in: [32mreport/2025-08-12/extract/pseudo-real-proteins.001.1_1_substrings_results.txt[0m
malloc_count ### exiting, total: 223,442,950, peak: 177,618,141, current: 4,096
Time: 0.001661242000000(s)

		 [33m Checking if the response file is the same as the expected file [0m


			 [0;32m The files are the same. [0m


	 [33mStarting extract with GCX - pseudo-real-proteins.001.1 - INTERVAL SIZE 1.[0m
	Using initial window of size 4 for LCP calculation.

[32mStarting to extract ...
[0m	Compressed file information:

		Amount of levels: 2
		Size initial partition: 4
		Initial symbol size: 26214402
		Level: 2 - amount of rules: 420 - size of rules 2.
		Level: 1 - amount of rules: 108019 - size of rules 2.
	The extracted strings was saved in: [32mreport/2025-08-12/extract/pseudo-real-proteins.001.1_1_substrings_results.txt[0m
malloc_count ### exiting, total: 131,962,654, peak: 86,137,845, current: 4,096
Time: 0.001803978000000(s)

		 [33m Checking if the response file is the same as the expected file [0m


			 [0;32m The files are the same. [0m


	 [33mStarting extract with GC* - INTERVAL SIZE 1.[0m
	Compressed file information:
		Size of Tuples: 2
		Amount of levels: 14
Tamanho do símbolo inicial: 6401
		Level: 14 - amount of rules: 420.
		Level: 13 - amount of rules: 108018.
		Level: 12 - amount of rules: 218879.
		Level: 11 - amount of rules: 164217.
		Level: 10 - amount of rules: 133732.
		Level: 9 - amount of rules: 116403.
		Level: 8 - amount of rules: 105325.
		Level: 7 - amount of rules: 95432.
		Level: 6 - amount of rules: 83223.
		Level: 5 - amount of rules: 66018.
		Level: 4 - amount of rules: 44645.
		Level: 3 - amount of rules: 25189.
		Level: 2 - amount of rules: 12798.
		Level: 1 - amount of rules: 6401.
	The extracted strings was saved in: [32mreport/2025-08-12/extract/pseudo-real-proteins.001.1_result_extract_gc2_len1.txt[0m
malloc_count ### exiting, total: 51,688,982, peak: 5,864,173, current: 4,096
Time: 0.004645601000000(s)

		 [33m Checking if the response file is the same as the expected file [0m


			 [0;32m The files are the same. [0m

	Compressed file information:
		Size of Tuples: 4
		Amount of levels: 7
Tamanho do símbolo inicial: 6401
		Level: 7 - amount of rules: 108018.
		Level: 6 - amount of rules: 164217.
		Level: 5 - amount of rules: 116403.
		Level: 4 - amount of rules: 95432.
		Level: 3 - amount of rules: 66018.
		Level: 2 - amount of rules: 25189.
		Level: 1 - amount of rules: 6401.
	The extracted strings was saved in: [32mreport/2025-08-12/extract/pseudo-real-proteins.001.1_result_extract_gc4_len1.txt[0m
malloc_count ### exiting, total: 51,253,258, peak: 5,428,449, current: 4,096
Time: 0.002975220000000(s)

		 [33m Checking if the response file is the same as the expected file [0m


			 [0;32m The files are the same. [0m


[33m Generating expected responses for searched interval...[0m

	 [33mStarting extract with GCX - pseudo-real-proteins.001.1 - INTERVAL SIZE 10.[0m
	Using initial window of size 2 for LCP calculation.

[32mStarting to extract ...
[0m	Compressed file information:

		Amount of levels: 1
		Size initial partition: 2
		Initial symbol size: 52428801
		Level: 1 - amount of rules: 420 - size of rules 2.
	The extracted strings was saved in: [32mreport/2025-08-12/extract/pseudo-real-proteins.001.1_10_substrings_results.txt[0m
malloc_count ### exiting, total: 223,442,950, peak: 177,618,141, current: 4,096
Time: 0.001770268000000(s)

		 [33m Checking if the response file is the same as the expected file [0m


			 [0;32m The files are the same. [0m


	 [33mStarting extract with GCX - pseudo-real-proteins.001.1 - INTERVAL SIZE 10.[0m
	Using initial window of size 4 for LCP calculation.

[32mStarting to extract ...
[0m	Compressed file information:

		Amount of levels: 2
		Size initial partition: 4
		Initial symbol size: 26214402
		Level: 2 - amount of rules: 420 - size of rules 2.
		Level: 1 - amount of rules: 108019 - size of rules 2.
	The extracted strings was saved in: [32mreport/2025-08-12/extract/pseudo-real-proteins.001.1_10_substrings_results.txt[0m
malloc_count ### exiting, total: 131,962,654, peak: 86,137,845, current: 4,096
Time: 0.001721377000000(s)

		 [33m Checking if the response file is the same as the expected file [0m


			 [0;32m The files are the same. [0m


	 [33mStarting extract with GC* - INTERVAL SIZE 10.[0m
	Compressed file information:
		Size of Tuples: 2
		Amount of levels: 14
Tamanho do símbolo inicial: 6401
		Level: 14 - amount of rules: 420.
		Level: 13 - amount of rules: 108018.
		Level: 12 - amount of rules: 218879.
		Level: 11 - amount of rules: 164217.
		Level: 10 - amount of rules: 133732.
		Level: 9 - amount of rules: 116403.
		Level: 8 - amount of rules: 105325.
		Level: 7 - amount of rules: 95432.
		Level: 6 - amount of rules: 83223.
		Level: 5 - amount of rules: 66018.
		Level: 4 - amount of rules: 44645.
		Level: 3 - amount of rules: 25189.
		Level: 2 - amount of rules: 12798.
		Level: 1 - amount of rules: 6401.
	The extracted strings was saved in: [32mreport/2025-08-12/extract/pseudo-real-proteins.001.1_result_extract_gc2_len10.txt[0m
malloc_count ### exiting, total: 51,688,982, peak: 5,864,173, current: 4,096
Time: 0.004892941000000(s)

		 [33m Checking if the response file is the same as the expected file [0m


			 [0;32m The files are the same. [0m

	Compressed file information:
		Size of Tuples: 4
		Amount of levels: 7
Tamanho do símbolo inicial: 6401
		Level: 7 - amount of rules: 108018.
		Level: 6 - amount of rules: 164217.
		Level: 5 - amount of rules: 116403.
		Level: 4 - amount of rules: 95432.
		Level: 3 - amount of rules: 66018.
		Level: 2 - amount of rules: 25189.
		Level: 1 - amount of rules: 6401.
	The extracted strings was saved in: [32mreport/2025-08-12/extract/pseudo-real-proteins.001.1_result_extract_gc4_len10.txt[0m
malloc_count ### exiting, total: 51,253,258, peak: 5,428,449, current: 4,096
Time: 0.003033016000000(s)

		 [33m Checking if the response file is the same as the expected file [0m


			 [0;32m The files are the same. [0m


[33m Generating expected responses for searched interval...[0m

	 [33mStarting extract with GCX - pseudo-real-proteins.001.1 - INTERVAL SIZE 100.[0m
	Using initial window of size 2 for LCP calculation.

[32mStarting to extract ...
[0m	Compressed file information:

		Amount of levels: 1
		Size initial partition: 2
		Initial symbol size: 52428801
		Level: 1 - amount of rules: 420 - size of rules 2.
	The extracted strings was saved in: [32mreport/2025-08-12/extract/pseudo-real-proteins.001.1_100_substrings_results.txt[0m
malloc_count ### exiting, total: 223,442,950, peak: 177,618,141, current: 4,096
Time: 0.003096260000000(s)

		 [33m Checking if the response file is the same as the expected file [0m


			 [0;32m The files are the same. [0m


	 [33mStarting extract with GCX - pseudo-real-proteins.001.1 - INTERVAL SIZE 100.[0m
	Using initial window of size 4 for LCP calculation.

[32mStarting to extract ...
[0m	Compressed file information:

		Amount of levels: 2
		Size initial partition: 4
		Initial symbol size: 26214402
		Level: 2 - amount of rules: 420 - size of rules 2.
		Level: 1 - amount of rules: 108019 - size of rules 2.
	The extracted strings was saved in: [32mreport/2025-08-12/extract/pseudo-real-proteins.001.1_100_substrings_results.txt[0m
malloc_count ### exiting, total: 131,962,654, peak: 86,137,845, current: 4,096
Time: 0.004328936000000(s)

		 [33m Checking if the response file is the same as the expected file [0m


			 [0;32m The files are the same. [0m


	 [33mStarting extract with GC* - INTERVAL SIZE 100.[0m
	Compressed file information:
		Size of Tuples: 2
		Amount of levels: 14
Tamanho do símbolo inicial: 6401
		Level: 14 - amount of rules: 420.
		Level: 13 - amount of rules: 108018.
		Level: 12 - amount of rules: 218879.
		Level: 11 - amount of rules: 164217.
		Level: 10 - amount of rules: 133732.
		Level: 9 - amount of rules: 116403.
		Level: 8 - amount of rules: 105325.
		Level: 7 - amount of rules: 95432.
		Level: 6 - amount of rules: 83223.
		Level: 5 - amount of rules: 66018.
		Level: 4 - amount of rules: 44645.
		Level: 3 - amount of rules: 25189.
		Level: 2 - amount of rules: 12798.
		Level: 1 - amount of rules: 6401.
	The extracted strings was saved in: [32mreport/2025-08-12/extract/pseudo-real-proteins.001.1_result_extract_gc2_len100.txt[0m
malloc_count ### exiting, total: 51,688,982, peak: 5,864,173, current: 4,096
Time: 0.008472649000000(s)

		 [33m Checking if the response file is the same as the expected file [0m


			 [0;32m The files are the same. [0m

	Compressed file information:
		Size of Tuples: 4
		Amount of levels: 7
Tamanho do símbolo inicial: 6401
		Level: 7 - amount of rules: 108018.
		Level: 6 - amount of rules: 164217.
		Level: 5 - amount of rules: 116403.
		Level: 4 - amount of rules: 95432.
		Level: 3 - amount of rules: 66018.
		Level: 2 - amount of rules: 25189.
		Level: 1 - amount of rules: 6401.
	The extracted strings was saved in: [32mreport/2025-08-12/extract/pseudo-real-proteins.001.1_result_extract_gc4_len100.txt[0m
malloc_count ### exiting, total: 51,253,258, peak: 5,428,449, current: 4,096
Time: 0.004902554000000(s)

		 [33m Checking if the response file is the same as the expected file [0m


			 [0;32m The files are the same. [0m


[33m Generating expected responses for searched interval...[0m

	 [33mStarting extract with GCX - pseudo-real-proteins.001.1 - INTERVAL SIZE 1000.[0m
	Using initial window of size 2 for LCP calculation.

[32mStarting to extract ...
[0m	Compressed file information:

		Amount of levels: 1
		Size initial partition: 2
		Initial symbol size: 52428801
		Level: 1 - amount of rules: 420 - size of rules 2.
	The extracted strings was saved in: [32mreport/2025-08-12/extract/pseudo-real-proteins.001.1_1000_substrings_results.txt[0m
malloc_count ### exiting, total: 223,442,950, peak: 177,618,141, current: 4,096
Time: 0.016515863000000(s)

		 [33m Checking if the response file is the same as the expected file [0m


			 [0;32m The files are the same. [0m


	 [33mStarting extract with GCX - pseudo-real-proteins.001.1 - INTERVAL SIZE 1000.[0m
	Using initial window of size 4 for LCP calculation.

[32mStarting to extract ...
[0m	Compressed file information:

		Amount of levels: 2
		Size initial partition: 4
		Initial symbol size: 26214402
		Level: 2 - amount of rules: 420 - size of rules 2.
		Level: 1 - amount of rules: 108019 - size of rules 2.
	The extracted strings was saved in: [32mreport/2025-08-12/extract/pseudo-real-proteins.001.1_1000_substrings_results.txt[0m
malloc_count ### exiting, total: 131,962,654, peak: 86,137,845, current: 4,096
Time: 0.026427707000000(s)

		 [33m Checking if the response file is the same as the expected file [0m


			 [0;32m The files are the same. [0m


	 [33mStarting extract with GC* - INTERVAL SIZE 1000.[0m
	Compressed file information:
		Size of Tuples: 2
		Amount of levels: 14
Tamanho do símbolo inicial: 6401
		Level: 14 - amount of rules: 420.
		Level: 13 - amount of rules: 108018.
		Level: 12 - amount of rules: 218879.
		Level: 11 - amount of rules: 164217.
		Level: 10 - amount of rules: 133732.
		Level: 9 - amount of rules: 116403.
		Level: 8 - amount of rules: 105325.
		Level: 7 - amount of rules: 95432.
		Level: 6 - amount of rules: 83223.
		Level: 5 - amount of rules: 66018.
		Level: 4 - amount of rules: 44645.
		Level: 3 - amount of rules: 25189.
		Level: 2 - amount of rules: 12798.
		Level: 1 - amount of rules: 6401.
	The extracted strings was saved in: [32mreport/2025-08-12/extract/pseudo-real-proteins.001.1_result_extract_gc2_len1000.txt[0m
malloc_count ### exiting, total: 51,688,982, peak: 5,864,173, current: 4,096
Time: 0.045228536000000(s)

		 [33m Checking if the response file is the same as the expected file [0m


			 [0;32m The files are the same. [0m

	Compressed file information:
		Size of Tuples: 4
		Amount of levels: 7
Tamanho do símbolo inicial: 6401
		Level: 7 - amount of rules: 108018.
		Level: 6 - amount of rules: 164217.
		Level: 5 - amount of rules: 116403.
		Level: 4 - amount of rules: 95432.
		Level: 3 - amount of rules: 66018.
		Level: 2 - amount of rules: 25189.
		Level: 1 - amount of rules: 6401.
	The extracted strings was saved in: [32mreport/2025-08-12/extract/pseudo-real-proteins.001.1_result_extract_gc4_len1000.txt[0m
malloc_count ### exiting, total: 51,253,258, peak: 5,428,449, current: 4,096
Time: 0.020351018000000(s)

		 [33m Checking if the response file is the same as the expected file [0m


			 [0;32m The files are the same. [0m


[33m Generating expected responses for searched interval...[0m

	 [33mStarting extract with GCX - pseudo-real-proteins.001.1 - INTERVAL SIZE 10000.[0m
	Using initial window of size 2 for LCP calculation.

[32mStarting to extract ...
[0m	Compressed file information:

		Amount of levels: 1
		Size initial partition: 2
		Initial symbol size: 52428801
		Level: 1 - amount of rules: 420 - size of rules 2.
	The extracted strings was saved in: [32mreport/2025-08-12/extract/pseudo-real-proteins.001.1_10000_substrings_results.txt[0m
malloc_count ### exiting, total: 223,442,950, peak: 177,618,141, current: 4,096
Time: 0.142408578000000(s)

		 [33m Checking if the response file is the same as the expected file [0m


			 [0;32m The files are the same. [0m


	 [33mStarting extract with GCX - pseudo-real-proteins.001.1 - INTERVAL SIZE 10000.[0m
	Using initial window of size 4 for LCP calculation.

[32mStarting to extract ...
[0m	Compressed file information:

		Amount of levels: 2
		Size initial partition: 4
		Initial symbol size: 26214402
		Level: 2 - amount of rules: 420 - size of rules 2.
		Level: 1 - amount of rules: 108019 - size of rules 2.
	The extracted strings was saved in: [32mreport/2025-08-12/extract/pseudo-real-proteins.001.1_10000_substrings_results.txt[0m
malloc_count ### exiting, total: 131,962,654, peak: 86,137,845, current: 4,096
Time: 0.244740811000000(s)

		 [33m Checking if the response file is the same as the expected file [0m


			 [0;32m The files are the same. [0m


	 [33mStarting extract with GC* - INTERVAL SIZE 10000.[0m
	Compressed file information:
		Size of Tuples: 2
		Amount of levels: 14
Tamanho do símbolo inicial: 6401
		Level: 14 - amount of rules: 420.
		Level: 13 - amount of rules: 108018.
		Level: 12 - amount of rules: 218879.
		Level: 11 - amount of rules: 164217.
		Level: 10 - amount of rules: 133732.
		Level: 9 - amount of rules: 116403.
		Level: 8 - amount of rules: 105325.
		Level: 7 - amount of rules: 95432.
		Level: 6 - amount of rules: 83223.
		Level: 5 - amount of rules: 66018.
		Level: 4 - amount of rules: 44645.
		Level: 3 - amount of rules: 25189.
		Level: 2 - amount of rules: 12798.
		Level: 1 - amount of rules: 6401.
	The extracted strings was saved in: [32mreport/2025-08-12/extract/pseudo-real-proteins.001.1_result_extract_gc2_len10000.txt[0m
malloc_count ### exiting, total: 51,688,982, peak: 5,864,173, current: 4,096
Time: 0.404589789000000(s)

		 [33m Checking if the response file is the same as the expected file [0m


			 [0;32m The files are the same. [0m

	Compressed file information:
		Size of Tuples: 4
		Amount of levels: 7
Tamanho do símbolo inicial: 6401
		Level: 7 - amount of rules: 108018.
		Level: 6 - amount of rules: 164217.
		Level: 5 - amount of rules: 116403.
		Level: 4 - amount of rules: 95432.
		Level: 3 - amount of rules: 66018.
		Level: 2 - amount of rules: 25189.
		Level: 1 - amount of rules: 6401.
	The extracted strings was saved in: [32mreport/2025-08-12/extract/pseudo-real-proteins.001.1_result_extract_gc4_len10000.txt[0m
malloc_count ### exiting, total: 51,253,258, peak: 5,428,449, current: 4,096
Time: 0.169409348000000(s)

		 [33m Checking if the response file is the same as the expected file [0m


			 [0;32m The files are the same. [0m


	[34mPreparing for extract operation on the artificial-rs.13 file. [0m


[33m Generating expected responses for searched interval...[0m

	 [33mStarting extract with GCX - artificial-rs.13 - INTERVAL SIZE 1.[0m
	Using initial window of size 2 for LCP calculation.

[32mStarting to extract ...
[0m	Compressed file information:

		Amount of levels: 1
		Size initial partition: 2
		Initial symbol size: 108373610
		Level: 1 - amount of rules: 5 - size of rules 2.
	The extracted strings was saved in: [32mreport/2025-08-12/extract/artificial-rs.13_1_substrings_results.txt[0m
malloc_count ### exiting, total: 425,802,552, peak: 379,977,743, current: 4,096
Time: 0.001903827000000(s)

		 [33m Checking if the response file is the same as the expected file [0m


			 [0;32m The files are the same. [0m


	 [33mStarting extract with GCX - artificial-rs.13 - INTERVAL SIZE 1.[0m
	Using initial window of size 4 for LCP calculation.

[32mStarting to extract ...
[0m	Compressed file information:

		Amount of levels: 1
		Size initial partition: 4
		Initial symbol size: 54186805
		Level: 1 - amount of rules: 9 - size of rules 4.
	The extracted strings was saved in: [32mreport/2025-08-12/extract/artificial-rs.13_1_substrings_results.txt[0m
malloc_count ### exiting, total: 229,375,410, peak: 183,550,601, current: 4,096
Time: 0.001636793000000(s)

		 [33m Checking if the response file is the same as the expected file [0m


			 [0;32m The files are the same. [0m


	 [33mStarting extract with GC* - INTERVAL SIZE 1.[0m
	Compressed file information:
		Size of Tuples: 2
		Amount of levels: 15
Tamanho do símbolo inicial: 6616
		Level: 15 - amount of rules: 5.
		Level: 14 - amount of rules: 10.
		Level: 13 - amount of rules: 18.
		Level: 12 - amount of rules: 34.
		Level: 11 - amount of rules: 66.
		Level: 10 - amount of rules: 130.
		Level: 9 - amount of rules: 258.
		Level: 8 - amount of rules: 514.
		Level: 7 - amount of rules: 1026.
		Level: 6 - amount of rules: 2050.
		Level: 5 - amount of rules: 4098.
		Level: 4 - amount of rules: 8194.
		Level: 3 - amount of rules: 13851.
		Level: 2 - amount of rules: 11743.
		Level: 1 - amount of rules: 6616.
	The extracted strings was saved in: [32mreport/2025-08-12/extract/artificial-rs.13_result_extract_gc2_len1.txt[0m
malloc_count ### exiting, total: 46,681,340, peak: 856,531, current: 4,096
Time: 0.001681081000000(s)

		 [33m Checking if the response file is the same as the expected file [0m


			 [0;32m The files are the same. [0m

	Compressed file information:
		Size of Tuples: 4
		Amount of levels: 8
Tamanho do símbolo inicial: 3308
		Level: 8 - amount of rules: 9.
		Level: 7 - amount of rules: 33.
		Level: 6 - amount of rules: 129.
		Level: 5 - amount of rules: 514.
		Level: 4 - amount of rules: 2049.
		Level: 3 - amount of rules: 8194.
		Level: 2 - amount of rules: 11742.
		Level: 1 - amount of rules: 3308.
	The extracted strings was saved in: [32mreport/2025-08-12/extract/artificial-rs.13_result_extract_gc4_len1.txt[0m
malloc_count ### exiting, total: 46,680,954, peak: 856,145, current: 4,096
Time: 0.001229341000000(s)

		 [33m Checking if the response file is the same as the expected file [0m


			 [0;32m The files are the same. [0m


[33m Generating expected responses for searched interval...[0m

	 [33mStarting extract with GCX - artificial-rs.13 - INTERVAL SIZE 10.[0m
	Using initial window of size 2 for LCP calculation.

[32mStarting to extract ...
[0m	Compressed file information:

		Amount of levels: 1
		Size initial partition: 2
		Initial symbol size: 108373610
		Level: 1 - amount of rules: 5 - size of rules 2.
	The extracted strings was saved in: [32mreport/2025-08-12/extract/artificial-rs.13_10_substrings_results.txt[0m
malloc_count ### exiting, total: 425,802,552, peak: 379,977,743, current: 4,096
Time: 0.002019467000000(s)

		 [33m Checking if the response file is the same as the expected file [0m


			 [0;32m The files are the same. [0m


	 [33mStarting extract with GCX - artificial-rs.13 - INTERVAL SIZE 10.[0m
	Using initial window of size 4 for LCP calculation.

[32mStarting to extract ...
[0m	Compressed file information:

		Amount of levels: 1
		Size initial partition: 4
		Initial symbol size: 54186805
		Level: 1 - amount of rules: 9 - size of rules 4.
	The extracted strings was saved in: [32mreport/2025-08-12/extract/artificial-rs.13_10_substrings_results.txt[0m
malloc_count ### exiting, total: 229,375,410, peak: 183,550,601, current: 4,096
Time: 0.001691692000000(s)

		 [33m Checking if the response file is the same as the expected file [0m


			 [0;32m The files are the same. [0m


	 [33mStarting extract with GC* - INTERVAL SIZE 10.[0m
	Compressed file information:
		Size of Tuples: 2
		Amount of levels: 15
Tamanho do símbolo inicial: 6616
		Level: 15 - amount of rules: 5.
		Level: 14 - amount of rules: 10.
		Level: 13 - amount of rules: 18.
		Level: 12 - amount of rules: 34.
		Level: 11 - amount of rules: 66.
		Level: 10 - amount of rules: 130.
		Level: 9 - amount of rules: 258.
		Level: 8 - amount of rules: 514.
		Level: 7 - amount of rules: 1026.
		Level: 6 - amount of rules: 2050.
		Level: 5 - amount of rules: 4098.
		Level: 4 - amount of rules: 8194.
		Level: 3 - amount of rules: 13851.
		Level: 2 - amount of rules: 11743.
		Level: 1 - amount of rules: 6616.
	The extracted strings was saved in: [32mreport/2025-08-12/extract/artificial-rs.13_result_extract_gc2_len10.txt[0m
malloc_count ### exiting, total: 46,681,340, peak: 856,531, current: 4,096
Time: 0.002194008000000(s)

		 [33m Checking if the response file is the same as the expected file [0m


			 [0;32m The files are the same. [0m

	Compressed file information:
		Size of Tuples: 4
		Amount of levels: 8
Tamanho do símbolo inicial: 3308
		Level: 8 - amount of rules: 9.
		Level: 7 - amount of rules: 33.
		Level: 6 - amount of rules: 129.
		Level: 5 - amount of rules: 514.
		Level: 4 - amount of rules: 2049.
		Level: 3 - amount of rules: 8194.
		Level: 2 - amount of rules: 11742.
		Level: 1 - amount of rules: 3308.
	The extracted strings was saved in: [32mreport/2025-08-12/extract/artificial-rs.13_result_extract_gc4_len10.txt[0m
malloc_count ### exiting, total: 46,680,954, peak: 856,145, current: 4,096
Time: 0.001402164000000(s)

		 [33m Checking if the response file is the same as the expected file [0m


			 [0;32m The files are the same. [0m


[33m Generating expected responses for searched interval...[0m

	 [33mStarting extract with GCX - artificial-rs.13 - INTERVAL SIZE 100.[0m
	Using initial window of size 2 for LCP calculation.

[32mStarting to extract ...
[0m	Compressed file information:

		Amount of levels: 1
		Size initial partition: 2
		Initial symbol size: 108373610
		Level: 1 - amount of rules: 5 - size of rules 2.
	The extracted strings was saved in: [32mreport/2025-08-12/extract/artificial-rs.13_100_substrings_results.txt[0m
malloc_count ### exiting, total: 425,802,552, peak: 379,977,743, current: 4,096
Time: 0.003229970000000(s)

		 [33m Checking if the response file is the same as the expected file [0m


			 [0;32m The files are the same. [0m


	 [33mStarting extract with GCX - artificial-rs.13 - INTERVAL SIZE 100.[0m
	Using initial window of size 4 for LCP calculation.

[32mStarting to extract ...
[0m	Compressed file information:

		Amount of levels: 1
		Size initial partition: 4
		Initial symbol size: 54186805
		Level: 1 - amount of rules: 9 - size of rules 4.
	The extracted strings was saved in: [32mreport/2025-08-12/extract/artificial-rs.13_100_substrings_results.txt[0m
malloc_count ### exiting, total: 229,375,410, peak: 183,550,601, current: 4,096
Time: 0.002685886000000(s)

		 [33m Checking if the response file is the same as the expected file [0m


			 [0;32m The files are the same. [0m


	 [33mStarting extract with GC* - INTERVAL SIZE 100.[0m
	Compressed file information:
		Size of Tuples: 2
		Amount of levels: 15
Tamanho do símbolo inicial: 6616
		Level: 15 - amount of rules: 5.
		Level: 14 - amount of rules: 10.
		Level: 13 - amount of rules: 18.
		Level: 12 - amount of rules: 34.
		Level: 11 - amount of rules: 66.
		Level: 10 - amount of rules: 130.
		Level: 9 - amount of rules: 258.
		Level: 8 - amount of rules: 514.
		Level: 7 - amount of rules: 1026.
		Level: 6 - amount of rules: 2050.
		Level: 5 - amount of rules: 4098.
		Level: 4 - amount of rules: 8194.
		Level: 3 - amount of rules: 13851.
		Level: 2 - amount of rules: 11743.
		Level: 1 - amount of rules: 6616.
	The extracted strings was saved in: [32mreport/2025-08-12/extract/artificial-rs.13_result_extract_gc2_len100.txt[0m
malloc_count ### exiting, total: 46,681,340, peak: 856,531, current: 4,096
Time: 0.005100337000000(s)

		 [33m Checking if the response file is the same as the expected file [0m


			 [0;32m The files are the same. [0m

	Compressed file information:
		Size of Tuples: 4
		Amount of levels: 8
Tamanho do símbolo inicial: 3308
		Level: 8 - amount of rules: 9.
		Level: 7 - amount of rules: 33.
		Level: 6 - amount of rules: 129.
		Level: 5 - amount of rules: 514.
		Level: 4 - amount of rules: 2049.
		Level: 3 - amount of rules: 8194.
		Level: 2 - amount of rules: 11742.
		Level: 1 - amount of rules: 3308.
	The extracted strings was saved in: [32mreport/2025-08-12/extract/artificial-rs.13_result_extract_gc4_len100.txt[0m
malloc_count ### exiting, total: 46,680,954, peak: 856,145, current: 4,096
Time: 0.002703149000000(s)

		 [33m Checking if the response file is the same as the expected file [0m


			 [0;32m The files are the same. [0m


[33m Generating expected responses for searched interval...[0m

	 [33mStarting extract with GCX - artificial-rs.13 - INTERVAL SIZE 1000.[0m
	Using initial window of size 2 for LCP calculation.

[32mStarting to extract ...
[0m	Compressed file information:

		Amount of levels: 1
		Size initial partition: 2
		Initial symbol size: 108373610
		Level: 1 - amount of rules: 5 - size of rules 2.
	The extracted strings was saved in: [32mreport/2025-08-12/extract/artificial-rs.13_1000_substrings_results.txt[0m
malloc_count ### exiting, total: 425,802,552, peak: 379,977,743, current: 4,096
Time: 0.016666800000000(s)

		 [33m Checking if the response file is the same as the expected file [0m


			 [0;32m The files are the same. [0m


	 [33mStarting extract with GCX - artificial-rs.13 - INTERVAL SIZE 1000.[0m
	Using initial window of size 4 for LCP calculation.

[32mStarting to extract ...
[0m	Compressed file information:

		Amount of levels: 1
		Size initial partition: 4
		Initial symbol size: 54186805
		Level: 1 - amount of rules: 9 - size of rules 4.
	The extracted strings was saved in: [32mreport/2025-08-12/extract/artificial-rs.13_1000_substrings_results.txt[0m
malloc_count ### exiting, total: 229,375,410, peak: 183,550,601, current: 4,096
Time: 0.011369710000000(s)

		 [33m Checking if the response file is the same as the expected file [0m


			 [0;32m The files are the same. [0m


	 [33mStarting extract with GC* - INTERVAL SIZE 1000.[0m
	Compressed file information:
		Size of Tuples: 2
		Amount of levels: 15
Tamanho do símbolo inicial: 6616
		Level: 15 - amount of rules: 5.
		Level: 14 - amount of rules: 10.
		Level: 13 - amount of rules: 18.
		Level: 12 - amount of rules: 34.
		Level: 11 - amount of rules: 66.
		Level: 10 - amount of rules: 130.
		Level: 9 - amount of rules: 258.
		Level: 8 - amount of rules: 514.
		Level: 7 - amount of rules: 1026.
		Level: 6 - amount of rules: 2050.
		Level: 5 - amount of rules: 4098.
		Level: 4 - amount of rules: 8194.
		Level: 3 - amount of rules: 13851.
		Level: 2 - amount of rules: 11743.
		Level: 1 - amount of rules: 6616.
	The extracted strings was saved in: [32mreport/2025-08-12/extract/artificial-rs.13_result_extract_gc2_len1000.txt[0m
malloc_count ### exiting, total: 46,681,340, peak: 856,531, current: 4,096
Time: 0.029596976000000(s)

		 [33m Checking if the response file is the same as the expected file [0m


			 [0;32m The files are the same. [0m

	Compressed file information:
		Size of Tuples: 4
		Amount of levels: 8
Tamanho do símbolo inicial: 3308
		Level: 8 - amount of rules: 9.
		Level: 7 - amount of rules: 33.
		Level: 6 - amount of rules: 129.
		Level: 5 - amount of rules: 514.
		Level: 4 - amount of rules: 2049.
		Level: 3 - amount of rules: 8194.
		Level: 2 - amount of rules: 11742.
		Level: 1 - amount of rules: 3308.
	The extracted strings was saved in: [32mreport/2025-08-12/extract/artificial-rs.13_result_extract_gc4_len1000.txt[0m
malloc_count ### exiting, total: 46,680,954, peak: 856,145, current: 4,096
Time: 0.013683909000000(s)

		 [33m Checking if the response file is the same as the expected file [0m


			 [0;32m The files are the same. [0m


[33m Generating expected responses for searched interval...[0m

	 [33mStarting extract with GCX - artificial-rs.13 - INTERVAL SIZE 10000.[0m
	Using initial window of size 2 for LCP calculation.

[32mStarting to extract ...
[0m	Compressed file information:

		Amount of levels: 1
		Size initial partition: 2
		Initial symbol size: 108373610
		Level: 1 - amount of rules: 5 - size of rules 2.
	The extracted strings was saved in: [32mreport/2025-08-12/extract/artificial-rs.13_10000_substrings_results.txt[0m
malloc_count ### exiting, total: 425,802,552, peak: 379,977,743, current: 4,096
Time: 0.141588618000000(s)

		 [33m Checking if the response file is the same as the expected file [0m


			 [0;32m The files are the same. [0m


	 [33mStarting extract with GCX - artificial-rs.13 - INTERVAL SIZE 10000.[0m
	Using initial window of size 4 for LCP calculation.

[32mStarting to extract ...
[0m	Compressed file information:

		Amount of levels: 1
		Size initial partition: 4
		Initial symbol size: 54186805
		Level: 1 - amount of rules: 9 - size of rules 4.
	The extracted strings was saved in: [32mreport/2025-08-12/extract/artificial-rs.13_10000_substrings_results.txt[0m
malloc_count ### exiting, total: 229,375,410, peak: 183,550,601, current: 4,096
Time: 0.090776137000000(s)

		 [33m Checking if the response file is the same as the expected file [0m


			 [0;32m The files are the same. [0m


	 [33mStarting extract with GC* - INTERVAL SIZE 10000.[0m
	Compressed file information:
		Size of Tuples: 2
		Amount of levels: 15
Tamanho do símbolo inicial: 6616
		Level: 15 - amount of rules: 5.
		Level: 14 - amount of rules: 10.
		Level: 13 - amount of rules: 18.
		Level: 12 - amount of rules: 34.
		Level: 11 - amount of rules: 66.
		Level: 10 - amount of rules: 130.
		Level: 9 - amount of rules: 258.
		Level: 8 - amount of rules: 514.
		Level: 7 - amount of rules: 1026.
		Level: 6 - amount of rules: 2050.
		Level: 5 - amount of rules: 4098.
		Level: 4 - amount of rules: 8194.
		Level: 3 - amount of rules: 13851.
		Level: 2 - amount of rules: 11743.
		Level: 1 - amount of rules: 6616.
	The extracted strings was saved in: [32mreport/2025-08-12/extract/artificial-rs.13_result_extract_gc2_len10000.txt[0m
malloc_count ### exiting, total: 46,681,340, peak: 856,531, current: 4,096
Time: 0.275481799000000(s)

		 [33m Checking if the response file is the same as the expected file [0m


			 [0;32m The files are the same. [0m

	Compressed file information:
		Size of Tuples: 4
		Amount of levels: 8
Tamanho do símbolo inicial: 3308
		Level: 8 - amount of rules: 9.
		Level: 7 - amount of rules: 33.
		Level: 6 - amount of rules: 129.
		Level: 5 - amount of rules: 514.
		Level: 4 - amount of rules: 2049.
		Level: 3 - amount of rules: 8194.
		Level: 2 - amount of rules: 11742.
		Level: 1 - amount of rules: 3308.
	The extracted strings was saved in: [32mreport/2025-08-12/extract/artificial-rs.13_result_extract_gc4_len10000.txt[0m
malloc_count ### exiting, total: 46,680,954, peak: 856,145, current: 4,096
Time: 0.117859025000000(s)

		 [33m Checking if the response file is the same as the expected file [0m


			 [0;32m The files are the same. [0m


	[34mPreparing for extract operation on the pseudo-real-sources.001.2 file. [0m


[33m Generating expected responses for searched interval...[0m

	 [33mStarting extract with GCX - pseudo-real-sources.001.2 - INTERVAL SIZE 1.[0m
	Using initial window of size 2 for LCP calculation.

[32mStarting to extract ...
[0m	Compressed file information:

		Amount of levels: 1
		Size initial partition: 2
		Initial symbol size: 52428801
		Level: 1 - amount of rules: 6752 - size of rules 2.
	The extracted strings was saved in: [32mreport/2025-08-12/extract/pseudo-real-sources.001.2_1_substrings_results.txt[0m
malloc_count ### exiting, total: 223,455,614, peak: 177,630,805, current: 4,096
Time: 0.001823906000000(s)

		 [33m Checking if the response file is the same as the expected file [0m


			 [0;32m The files are the same. [0m


	 [33mStarting extract with GCX - pseudo-real-sources.001.2 - INTERVAL SIZE 1.[0m
	Using initial window of size 4 for LCP calculation.

[32mStarting to extract ...
[0m	Compressed file information:

		Amount of levels: 2
		Size initial partition: 4
		Initial symbol size: 26214402
		Level: 2 - amount of rules: 6752 - size of rules 2.
		Level: 1 - amount of rules: 118039 - size of rules 2.
	The extracted strings was saved in: [32mreport/2025-08-12/extract/pseudo-real-sources.001.2_1_substrings_results.txt[0m
malloc_count ### exiting, total: 132,118,414, peak: 86,293,605, current: 4,096
Time: 0.001538010000000(s)

		 [33m Checking if the response file is the same as the expected file [0m


			 [0;32m The files are the same. [0m


	 [33mStarting extract with GC* - INTERVAL SIZE 1.[0m
	Compressed file information:
		Size of Tuples: 2
		Amount of levels: 14
Tamanho do símbolo inicial: 6401
		Level: 14 - amount of rules: 6752.
		Level: 13 - amount of rules: 118038.
		Level: 12 - amount of rules: 175994.
		Level: 11 - amount of rules: 160200.
		Level: 10 - amount of rules: 133695.
		Level: 9 - amount of rules: 116642.
		Level: 8 - amount of rules: 105471.
		Level: 7 - amount of rules: 95545.
		Level: 6 - amount of rules: 83275.
		Level: 5 - amount of rules: 66009.
		Level: 4 - amount of rules: 44689.
		Level: 3 - amount of rules: 25164.
		Level: 2 - amount of rules: 12798.
		Level: 1 - amount of rules: 6401.
	The extracted strings was saved in: [32mreport/2025-08-12/extract/pseudo-real-sources.001.2_result_extract_gc2_len1.txt[0m
malloc_count ### exiting, total: 51,635,094, peak: 5,810,285, current: 4,096
Time: 0.004376850000000(s)

		 [33m Checking if the response file is the same as the expected file [0m


			 [0;32m The files are the same. [0m

	Compressed file information:
		Size of Tuples: 4
		Amount of levels: 7
Tamanho do símbolo inicial: 6401
		Level: 7 - amount of rules: 118038.
		Level: 6 - amount of rules: 160200.
		Level: 5 - amount of rules: 116642.
		Level: 4 - amount of rules: 95545.
		Level: 3 - amount of rules: 66009.
		Level: 2 - amount of rules: 25164.
		Level: 1 - amount of rules: 6401.
	The extracted strings was saved in: [32mreport/2025-08-12/extract/pseudo-real-sources.001.2_result_extract_gc4_len1.txt[0m
malloc_count ### exiting, total: 51,260,170, peak: 5,435,361, current: 4,096
Time: 0.003020398000000(s)

		 [33m Checking if the response file is the same as the expected file [0m


			 [0;32m The files are the same. [0m


[33m Generating expected responses for searched interval...[0m

	 [33mStarting extract with GCX - pseudo-real-sources.001.2 - INTERVAL SIZE 10.[0m
	Using initial window of size 2 for LCP calculation.

[32mStarting to extract ...
[0m	Compressed file information:

		Amount of levels: 1
		Size initial partition: 2
		Initial symbol size: 52428801
		Level: 1 - amount of rules: 6752 - size of rules 2.
	The extracted strings was saved in: [32mreport/2025-08-12/extract/pseudo-real-sources.001.2_10_substrings_results.txt[0m
malloc_count ### exiting, total: 223,455,614, peak: 177,630,805, current: 4,096
Time: 0.001736995000000(s)

		 [33m Checking if the response file is the same as the expected file [0m


			 [0;32m The files are the same. [0m


	 [33mStarting extract with GCX - pseudo-real-sources.001.2 - INTERVAL SIZE 10.[0m
	Using initial window of size 4 for LCP calculation.

[32mStarting to extract ...
[0m	Compressed file information:

		Amount of levels: 2
		Size initial partition: 4
		Initial symbol size: 26214402
		Level: 2 - amount of rules: 6752 - size of rules 2.
		Level: 1 - amount of rules: 118039 - size of rules 2.
	The extracted strings was saved in: [32mreport/2025-08-12/extract/pseudo-real-sources.001.2_10_substrings_results.txt[0m
malloc_count ### exiting, total: 132,118,414, peak: 86,293,605, current: 4,096
Time: 0.001738789000000(s)

		 [33m Checking if the response file is the same as the expected file [0m


			 [0;32m The files are the same. [0m


	 [33mStarting extract with GC* - INTERVAL SIZE 10.[0m
	Compressed file information:
		Size of Tuples: 2
		Amount of levels: 14
Tamanho do símbolo inicial: 6401
		Level: 14 - amount of rules: 6752.
		Level: 13 - amount of rules: 118038.
		Level: 12 - amount of rules: 175994.
		Level: 11 - amount of rules: 160200.
		Level: 10 - amount of rules: 133695.
		Level: 9 - amount of rules: 116642.
		Level: 8 - amount of rules: 105471.
		Level: 7 - amount of rules: 95545.
		Level: 6 - amount of rules: 83275.
		Level: 5 - amount of rules: 66009.
		Level: 4 - amount of rules: 44689.
		Level: 3 - amount of rules: 25164.
		Level: 2 - amount of rules: 12798.
		Level: 1 - amount of rules: 6401.
	The extracted strings was saved in: [32mreport/2025-08-12/extract/pseudo-real-sources.001.2_result_extract_gc2_len10.txt[0m
malloc_count ### exiting, total: 51,635,094, peak: 5,810,285, current: 4,096
Time: 0.004839038000000(s)

		 [33m Checking if the response file is the same as the expected file [0m


			 [0;32m The files are the same. [0m

	Compressed file information:
		Size of Tuples: 4
		Amount of levels: 7
Tamanho do símbolo inicial: 6401
		Level: 7 - amount of rules: 118038.
		Level: 6 - amount of rules: 160200.
		Level: 5 - amount of rules: 116642.
		Level: 4 - amount of rules: 95545.
		Level: 3 - amount of rules: 66009.
		Level: 2 - amount of rules: 25164.
		Level: 1 - amount of rules: 6401.
	The extracted strings was saved in: [32mreport/2025-08-12/extract/pseudo-real-sources.001.2_result_extract_gc4_len10.txt[0m
malloc_count ### exiting, total: 51,260,170, peak: 5,435,361, current: 4,096
Time: 0.003018231000000(s)

		 [33m Checking if the response file is the same as the expected file [0m


			 [0;32m The files are the same. [0m


[33m Generating expected responses for searched interval...[0m

	 [33mStarting extract with GCX - pseudo-real-sources.001.2 - INTERVAL SIZE 100.[0m
	Using initial window of size 2 for LCP calculation.

[32mStarting to extract ...
[0m	Compressed file information:

		Amount of levels: 1
		Size initial partition: 2
		Initial symbol size: 52428801
		Level: 1 - amount of rules: 6752 - size of rules 2.
	The extracted strings was saved in: [32mreport/2025-08-12/extract/pseudo-real-sources.001.2_100_substrings_results.txt[0m
malloc_count ### exiting, total: 223,455,614, peak: 177,630,805, current: 4,096
Time: 0.003072034000000(s)

		 [33m Checking if the response file is the same as the expected file [0m


			 [0;32m The files are the same. [0m


	 [33mStarting extract with GCX - pseudo-real-sources.001.2 - INTERVAL SIZE 100.[0m
	Using initial window of size 4 for LCP calculation.

[32mStarting to extract ...
[0m	Compressed file information:

		Amount of levels: 2
		Size initial partition: 4
		Initial symbol size: 26214402
		Level: 2 - amount of rules: 6752 - size of rules 2.
		Level: 1 - amount of rules: 118039 - size of rules 2.
	The extracted strings was saved in: [32mreport/2025-08-12/extract/pseudo-real-sources.001.2_100_substrings_results.txt[0m
malloc_count ### exiting, total: 132,118,414, peak: 86,293,605, current: 4,096
Time: 0.005024381000000(s)

		 [33m Checking if the response file is the same as the expected file [0m


			 [0;32m The files are the same. [0m


	 [33mStarting extract with GC* - INTERVAL SIZE 100.[0m
	Compressed file information:
		Size of Tuples: 2
		Amount of levels: 14
Tamanho do símbolo inicial: 6401
		Level: 14 - amount of rules: 6752.
		Level: 13 - amount of rules: 118038.
		Level: 12 - amount of rules: 175994.
		Level: 11 - amount of rules: 160200.
		Level: 10 - amount of rules: 133695.
		Level: 9 - amount of rules: 116642.
		Level: 8 - amount of rules: 105471.
		Level: 7 - amount of rules: 95545.
		Level: 6 - amount of rules: 83275.
		Level: 5 - amount of rules: 66009.
		Level: 4 - amount of rules: 44689.
		Level: 3 - amount of rules: 25164.
		Level: 2 - amount of rules: 12798.
		Level: 1 - amount of rules: 6401.
	The extracted strings was saved in: [32mreport/2025-08-12/extract/pseudo-real-sources.001.2_result_extract_gc2_len100.txt[0m
malloc_count ### exiting, total: 51,635,094, peak: 5,810,285, current: 4,096
Time: 0.008666915000000(s)

		 [33m Checking if the response file is the same as the expected file [0m


			 [0;32m The files are the same. [0m

	Compressed file information:
		Size of Tuples: 4
		Amount of levels: 7
Tamanho do símbolo inicial: 6401
		Level: 7 - amount of rules: 118038.
		Level: 6 - amount of rules: 160200.
		Level: 5 - amount of rules: 116642.
		Level: 4 - amount of rules: 95545.
		Level: 3 - amount of rules: 66009.
		Level: 2 - amount of rules: 25164.
		Level: 1 - amount of rules: 6401.
	The extracted strings was saved in: [32mreport/2025-08-12/extract/pseudo-real-sources.001.2_result_extract_gc4_len100.txt[0m
malloc_count ### exiting, total: 51,260,170, peak: 5,435,361, current: 4,096
Time: 0.004836883000000(s)

		 [33m Checking if the response file is the same as the expected file [0m


			 [0;32m The files are the same. [0m


[33m Generating expected responses for searched interval...[0m

	 [33mStarting extract with GCX - pseudo-real-sources.001.2 - INTERVAL SIZE 1000.[0m
	Using initial window of size 2 for LCP calculation.

[32mStarting to extract ...
[0m	Compressed file information:

		Amount of levels: 1
		Size initial partition: 2
		Initial symbol size: 52428801
		Level: 1 - amount of rules: 6752 - size of rules 2.
	The extracted strings was saved in: [32mreport/2025-08-12/extract/pseudo-real-sources.001.2_1000_substrings_results.txt[0m
malloc_count ### exiting, total: 223,455,614, peak: 177,630,805, current: 4,096
Time: 0.016450520000000(s)

		 [33m Checking if the response file is the same as the expected file [0m


			 [0;32m The files are the same. [0m


	 [33mStarting extract with GCX - pseudo-real-sources.001.2 - INTERVAL SIZE 1000.[0m
	Using initial window of size 4 for LCP calculation.

[32mStarting to extract ...
[0m	Compressed file information:

		Amount of levels: 2
		Size initial partition: 4
		Initial symbol size: 26214402
		Level: 2 - amount of rules: 6752 - size of rules 2.
		Level: 1 - amount of rules: 118039 - size of rules 2.
	The extracted strings was saved in: [32mreport/2025-08-12/extract/pseudo-real-sources.001.2_1000_substrings_results.txt[0m
malloc_count ### exiting, total: 132,118,414, peak: 86,293,605, current: 4,096
Time: 0.028398879000000(s)

		 [33m Checking if the response file is the same as the expected file [0m


			 [0;32m The files are the same. [0m


	 [33mStarting extract with GC* - INTERVAL SIZE 1000.[0m
	Compressed file information:
		Size of Tuples: 2
		Amount of levels: 14
Tamanho do símbolo inicial: 6401
		Level: 14 - amount of rules: 6752.
		Level: 13 - amount of rules: 118038.
		Level: 12 - amount of rules: 175994.
		Level: 11 - amount of rules: 160200.
		Level: 10 - amount of rules: 133695.
		Level: 9 - amount of rules: 116642.
		Level: 8 - amount of rules: 105471.
		Level: 7 - amount of rules: 95545.
		Level: 6 - amount of rules: 83275.
		Level: 5 - amount of rules: 66009.
		Level: 4 - amount of rules: 44689.
		Level: 3 - amount of rules: 25164.
		Level: 2 - amount of rules: 12798.
		Level: 1 - amount of rules: 6401.
	The extracted strings was saved in: [32mreport/2025-08-12/extract/pseudo-real-sources.001.2_result_extract_gc2_len1000.txt[0m
malloc_count ### exiting, total: 51,635,094, peak: 5,810,285, current: 4,096
Time: 0.046094452000000(s)

		 [33m Checking if the response file is the same as the expected file [0m


			 [0;32m The files are the same. [0m

	Compressed file information:
		Size of Tuples: 4
		Amount of levels: 7
Tamanho do símbolo inicial: 6401
		Level: 7 - amount of rules: 118038.
		Level: 6 - amount of rules: 160200.
		Level: 5 - amount of rules: 116642.
		Level: 4 - amount of rules: 95545.
		Level: 3 - amount of rules: 66009.
		Level: 2 - amount of rules: 25164.
		Level: 1 - amount of rules: 6401.
	The extracted strings was saved in: [32mreport/2025-08-12/extract/pseudo-real-sources.001.2_result_extract_gc4_len1000.txt[0m
malloc_count ### exiting, total: 51,260,170, peak: 5,435,361, current: 4,096
Time: 0.020338380000000(s)

		 [33m Checking if the response file is the same as the expected file [0m


			 [0;32m The files are the same. [0m


[33m Generating expected responses for searched interval...[0m

	 [33mStarting extract with GCX - pseudo-real-sources.001.2 - INTERVAL SIZE 10000.[0m
	Using initial window of size 2 for LCP calculation.

[32mStarting to extract ...
[0m	Compressed file information:

		Amount of levels: 1
		Size initial partition: 2
		Initial symbol size: 52428801
		Level: 1 - amount of rules: 6752 - size of rules 2.
	The extracted strings was saved in: [32mreport/2025-08-12/extract/pseudo-real-sources.001.2_10000_substrings_results.txt[0m
malloc_count ### exiting, total: 223,455,614, peak: 177,630,805, current: 4,096
Time: 0.142157941000000(s)

		 [33m Checking if the response file is the same as the expected file [0m


			 [0;32m The files are the same. [0m


	 [33mStarting extract with GCX - pseudo-real-sources.001.2 - INTERVAL SIZE 10000.[0m
	Using initial window of size 4 for LCP calculation.

[32mStarting to extract ...
[0m	Compressed file information:

		Amount of levels: 2
		Size initial partition: 4
		Initial symbol size: 26214402
		Level: 2 - amount of rules: 6752 - size of rules 2.
		Level: 1 - amount of rules: 118039 - size of rules 2.
	The extracted strings was saved in: [32mreport/2025-08-12/extract/pseudo-real-sources.001.2_10000_substrings_results.txt[0m
malloc_count ### exiting, total: 132,118,414, peak: 86,293,605, current: 4,096
Time: 0.262629636000000(s)

		 [33m Checking if the response file is the same as the expected file [0m


			 [0;32m The files are the same. [0m


	 [33mStarting extract with GC* - INTERVAL SIZE 10000.[0m
	Compressed file information:
		Size of Tuples: 2
		Amount of levels: 14
Tamanho do símbolo inicial: 6401
		Level: 14 - amount of rules: 6752.
		Level: 13 - amount of rules: 118038.
		Level: 12 - amount of rules: 175994.
		Level: 11 - amount of rules: 160200.
		Level: 10 - amount of rules: 133695.
		Level: 9 - amount of rules: 116642.
		Level: 8 - amount of rules: 105471.
		Level: 7 - amount of rules: 95545.
		Level: 6 - amount of rules: 83275.
		Level: 5 - amount of rules: 66009.
		Level: 4 - amount of rules: 44689.
		Level: 3 - amount of rules: 25164.
		Level: 2 - amount of rules: 12798.
		Level: 1 - amount of rules: 6401.
	The extracted strings was saved in: [32mreport/2025-08-12/extract/pseudo-real-sources.001.2_result_extract_gc2_len10000.txt[0m
malloc_count ### exiting, total: 51,635,094, peak: 5,810,285, current: 4,096
Time: 0.422805234000000(s)

		 [33m Checking if the response file is the same as the expected file [0m


			 [0;32m The files are the same. [0m

	Compressed file information:
		Size of Tuples: 4
		Amount of levels: 7
Tamanho do símbolo inicial: 6401
		Level: 7 - amount of rules: 118038.
		Level: 6 - amount of rules: 160200.
		Level: 5 - amount of rules: 116642.
		Level: 4 - amount of rules: 95545.
		Level: 3 - amount of rules: 66009.
		Level: 2 - amount of rules: 25164.
		Level: 1 - amount of rules: 6401.
	The extracted strings was saved in: [32mreport/2025-08-12/extract/pseudo-real-sources.001.2_result_extract_gc4_len10000.txt[0m
malloc_count ### exiting, total: 51,260,170, peak: 5,435,361, current: 4,096
Time: 0.170611907000000(s)

		 [33m Checking if the response file is the same as the expected file [0m


			 [0;32m The files are the same. [0m


	[34mPreparing for extract operation on the artificial-tm29 file. [0m


[33m Generating expected responses for searched interval...[0m

	 [33mStarting extract with GCX - artificial-tm29 - INTERVAL SIZE 1.[0m
	Using initial window of size 2 for LCP calculation.

[32mStarting to extract ...
[0m	Compressed file information:

		Amount of levels: 1
		Size initial partition: 2
		Initial symbol size: 134217729
		Level: 1 - amount of rules: 3 - size of rules 2.
	The extracted strings was saved in: [32mreport/2025-08-12/extract/artificial-tm29_1_substrings_results.txt[0m
malloc_count ### exiting, total: 533,034,180, peak: 487,209,371, current: 4,096
Time: 0.002042297000000(s)

		 [33m Checking if the response file is the same as the expected file [0m


			 [0;32m The files are the same. [0m


	 [33mStarting extract with GCX - artificial-tm29 - INTERVAL SIZE 1.[0m
	Using initial window of size 4 for LCP calculation.

[32mStarting to extract ...
[0m	Compressed file information:

		Amount of levels: 1
		Size initial partition: 4
		Initial symbol size: 67108865
		Level: 1 - amount of rules: 3 - size of rules 4.
	The extracted strings was saved in: [32mreport/2025-08-12/extract/artificial-tm29_1_substrings_results.txt[0m
malloc_count ### exiting, total: 281,375,946, peak: 235,551,137, current: 4,096
Time: 0.001715108000000(s)

		 [33m Checking if the response file is the same as the expected file [0m


			 [0;32m The files are the same. [0m


	 [33mStarting extract with GC* - INTERVAL SIZE 1.[0m
	Compressed file information:
		Size of Tuples: 2
		Amount of levels: 27
Tamanho do símbolo inicial: 3
		Level: 27 - amount of rules: 3.
		Level: 26 - amount of rules: 3.
		Level: 25 - amount of rules: 3.
		Level: 24 - amount of rules: 3.
		Level: 23 - amount of rules: 3.
		Level: 22 - amount of rules: 3.
		Level: 21 - amount of rules: 3.
		Level: 20 - amount of rules: 3.
		Level: 19 - amount of rules: 3.
		Level: 18 - amount of rules: 3.
		Level: 17 - amount of rules: 3.
		Level: 16 - amount of rules: 3.
		Level: 15 - amount of rules: 3.
		Level: 14 - amount of rules: 3.
		Level: 13 - amount of rules: 3.
		Level: 12 - amount of rules: 3.
		Level: 11 - amount of rules: 3.
		Level: 10 - amount of rules: 3.
		Level: 9 - amount of rules: 3.
		Level: 8 - amount of rules: 3.
		Level: 7 - amount of rules: 3.
		Level: 6 - amount of rules: 3.
		Level: 5 - amount of rules: 3.
		Level: 4 - amount of rules: 3.
		Level: 3 - amount of rules: 3.
		Level: 2 - amount of rules: 3.
		Level: 1 - amount of rules: 3.
	The extracted strings was saved in: [32mreport/2025-08-12/extract/artificial-tm29_result_extract_gc2_len1.txt[0m
malloc_count ### exiting, total: 46,496,464, peak: 671,655, current: 4,096
Time: 0.001724836000000(s)

		 [33m Checking if the response file is the same as the expected file [0m


			 [0;32m The files are the same. [0m

	Compressed file information:
		Size of Tuples: 4
		Amount of levels: 14
Tamanho do símbolo inicial: 2
		Level: 14 - amount of rules: 3.
		Level: 13 - amount of rules: 3.
		Level: 12 - amount of rules: 3.
		Level: 11 - amount of rules: 3.
		Level: 10 - amount of rules: 3.
		Level: 9 - amount of rules: 3.
		Level: 8 - amount of rules: 3.
		Level: 7 - amount of rules: 3.
		Level: 6 - amount of rules: 3.
		Level: 5 - amount of rules: 3.
		Level: 4 - amount of rules: 3.
		Level: 3 - amount of rules: 3.
		Level: 2 - amount of rules: 3.
		Level: 1 - amount of rules: 2.
	The extracted strings was saved in: [32mreport/2025-08-12/extract/artificial-tm29_result_extract_gc4_len1.txt[0m
malloc_count ### exiting, total: 46,495,690, peak: 670,881, current: 4,096
Time: 0.001099902000000(s)

		 [33m Checking if the response file is the same as the expected file [0m


			 [0;32m The files are the same. [0m


[33m Generating expected responses for searched interval...[0m

	 [33mStarting extract with GCX - artificial-tm29 - INTERVAL SIZE 10.[0m
	Using initial window of size 2 for LCP calculation.

[32mStarting to extract ...
[0m	Compressed file information:

		Amount of levels: 1
		Size initial partition: 2
		Initial symbol size: 134217729
		Level: 1 - amount of rules: 3 - size of rules 2.
	The extracted strings was saved in: [32mreport/2025-08-12/extract/artificial-tm29_10_substrings_results.txt[0m
malloc_count ### exiting, total: 533,034,180, peak: 487,209,371, current: 4,096
Time: 0.002103220000000(s)

		 [33m Checking if the response file is the same as the expected file [0m


			 [0;32m The files are the same. [0m


	 [33mStarting extract with GCX - artificial-tm29 - INTERVAL SIZE 10.[0m
	Using initial window of size 4 for LCP calculation.

[32mStarting to extract ...
[0m	Compressed file information:

		Amount of levels: 1
		Size initial partition: 4
		Initial symbol size: 67108865
		Level: 1 - amount of rules: 3 - size of rules 4.
	The extracted strings was saved in: [32mreport/2025-08-12/extract/artificial-tm29_10_substrings_results.txt[0m
malloc_count ### exiting, total: 281,375,946, peak: 235,551,137, current: 4,096
Time: 0.001821357000000(s)

		 [33m Checking if the response file is the same as the expected file [0m


			 [0;32m The files are the same. [0m


	 [33mStarting extract with GC* - INTERVAL SIZE 10.[0m
	Compressed file information:
		Size of Tuples: 2
		Amount of levels: 27
Tamanho do símbolo inicial: 3
		Level: 27 - amount of rules: 3.
		Level: 26 - amount of rules: 3.
		Level: 25 - amount of rules: 3.
		Level: 24 - amount of rules: 3.
		Level: 23 - amount of rules: 3.
		Level: 22 - amount of rules: 3.
		Level: 21 - amount of rules: 3.
		Level: 20 - amount of rules: 3.
		Level: 19 - amount of rules: 3.
		Level: 18 - amount of rules: 3.
		Level: 17 - amount of rules: 3.
		Level: 16 - amount of rules: 3.
		Level: 15 - amount of rules: 3.
		Level: 14 - amount of rules: 3.
		Level: 13 - amount of rules: 3.
		Level: 12 - amount of rules: 3.
		Level: 11 - amount of rules: 3.
		Level: 10 - amount of rules: 3.
		Level: 9 - amount of rules: 3.
		Level: 8 - amount of rules: 3.
		Level: 7 - amount of rules: 3.
		Level: 6 - amount of rules: 3.
		Level: 5 - amount of rules: 3.
		Level: 4 - amount of rules: 3.
		Level: 3 - amount of rules: 3.
		Level: 2 - amount of rules: 3.
		Level: 1 - amount of rules: 3.
	The extracted strings was saved in: [32mreport/2025-08-12/extract/artificial-tm29_result_extract_gc2_len10.txt[0m
malloc_count ### exiting, total: 46,496,464, peak: 671,655, current: 4,096
Time: 0.002517261000000(s)

		 [33m Checking if the response file is the same as the expected file [0m


			 [0;32m The files are the same. [0m

	Compressed file information:
		Size of Tuples: 4
		Amount of levels: 14
Tamanho do símbolo inicial: 2
		Level: 14 - amount of rules: 3.
		Level: 13 - amount of rules: 3.
		Level: 12 - amount of rules: 3.
		Level: 11 - amount of rules: 3.
		Level: 10 - amount of rules: 3.
		Level: 9 - amount of rules: 3.
		Level: 8 - amount of rules: 3.
		Level: 7 - amount of rules: 3.
		Level: 6 - amount of rules: 3.
		Level: 5 - amount of rules: 3.
		Level: 4 - amount of rules: 3.
		Level: 3 - amount of rules: 3.
		Level: 2 - amount of rules: 3.
		Level: 1 - amount of rules: 2.
	The extracted strings was saved in: [32mreport/2025-08-12/extract/artificial-tm29_result_extract_gc4_len10.txt[0m
malloc_count ### exiting, total: 46,495,690, peak: 670,881, current: 4,096
Time: 0.001441845000000(s)

		 [33m Checking if the response file is the same as the expected file [0m


			 [0;32m The files are the same. [0m


[33m Generating expected responses for searched interval...[0m

	 [33mStarting extract with GCX - artificial-tm29 - INTERVAL SIZE 100.[0m
	Using initial window of size 2 for LCP calculation.

[32mStarting to extract ...
[0m	Compressed file information:

		Amount of levels: 1
		Size initial partition: 2
		Initial symbol size: 134217729
		Level: 1 - amount of rules: 3 - size of rules 2.
	The extracted strings was saved in: [32mreport/2025-08-12/extract/artificial-tm29_100_substrings_results.txt[0m
malloc_count ### exiting, total: 533,034,180, peak: 487,209,371, current: 4,096
Time: 0.003435203000000(s)

		 [33m Checking if the response file is the same as the expected file [0m


			 [0;32m The files are the same. [0m


	 [33mStarting extract with GCX - artificial-tm29 - INTERVAL SIZE 100.[0m
	Using initial window of size 4 for LCP calculation.

[32mStarting to extract ...
[0m	Compressed file information:

		Amount of levels: 1
		Size initial partition: 4
		Initial symbol size: 67108865
		Level: 1 - amount of rules: 3 - size of rules 4.
	The extracted strings was saved in: [32mreport/2025-08-12/extract/artificial-tm29_100_substrings_results.txt[0m
malloc_count ### exiting, total: 281,375,946, peak: 235,551,137, current: 4,096
Time: 0.002775567000000(s)

		 [33m Checking if the response file is the same as the expected file [0m


			 [0;32m The files are the same. [0m


	 [33mStarting extract with GC* - INTERVAL SIZE 100.[0m
	Compressed file information:
		Size of Tuples: 2
		Amount of levels: 27
Tamanho do símbolo inicial: 3
		Level: 27 - amount of rules: 3.
		Level: 26 - amount of rules: 3.
		Level: 25 - amount of rules: 3.
		Level: 24 - amount of rules: 3.
		Level: 23 - amount of rules: 3.
		Level: 22 - amount of rules: 3.
		Level: 21 - amount of rules: 3.
		Level: 20 - amount of rules: 3.
		Level: 19 - amount of rules: 3.
		Level: 18 - amount of rules: 3.
		Level: 17 - amount of rules: 3.
		Level: 16 - amount of rules: 3.
		Level: 15 - amount of rules: 3.
		Level: 14 - amount of rules: 3.
		Level: 13 - amount of rules: 3.
		Level: 12 - amount of rules: 3.
		Level: 11 - amount of rules: 3.
		Level: 10 - amount of rules: 3.
		Level: 9 - amount of rules: 3.
		Level: 8 - amount of rules: 3.
		Level: 7 - amount of rules: 3.
		Level: 6 - amount of rules: 3.
		Level: 5 - amount of rules: 3.
		Level: 4 - amount of rules: 3.
		Level: 3 - amount of rules: 3.
		Level: 2 - amount of rules: 3.
		Level: 1 - amount of rules: 3.
	The extracted strings was saved in: [32mreport/2025-08-12/extract/artificial-tm29_result_extract_gc2_len100.txt[0m
malloc_count ### exiting, total: 46,496,464, peak: 671,655, current: 4,096
Time: 0.004843999000000(s)

		 [33m Checking if the response file is the same as the expected file [0m


			 [0;32m The files are the same. [0m

	Compressed file information:
		Size of Tuples: 4
		Amount of levels: 14
Tamanho do símbolo inicial: 2
		Level: 14 - amount of rules: 3.
		Level: 13 - amount of rules: 3.
		Level: 12 - amount of rules: 3.
		Level: 11 - amount of rules: 3.
		Level: 10 - amount of rules: 3.
		Level: 9 - amount of rules: 3.
		Level: 8 - amount of rules: 3.
		Level: 7 - amount of rules: 3.
		Level: 6 - amount of rules: 3.
		Level: 5 - amount of rules: 3.
		Level: 4 - amount of rules: 3.
		Level: 3 - amount of rules: 3.
		Level: 2 - amount of rules: 3.
		Level: 1 - amount of rules: 2.
	The extracted strings was saved in: [32mreport/2025-08-12/extract/artificial-tm29_result_extract_gc4_len100.txt[0m
malloc_count ### exiting, total: 46,495,690, peak: 670,881, current: 4,096
Time: 0.002897971000000(s)

		 [33m Checking if the response file is the same as the expected file [0m


			 [0;32m The files are the same. [0m


[33m Generating expected responses for searched interval...[0m

	 [33mStarting extract with GCX - artificial-tm29 - INTERVAL SIZE 1000.[0m
	Using initial window of size 2 for LCP calculation.

[32mStarting to extract ...
[0m	Compressed file information:

		Amount of levels: 1
		Size initial partition: 2
		Initial symbol size: 134217729
		Level: 1 - amount of rules: 3 - size of rules 2.
	The extracted strings was saved in: [32mreport/2025-08-12/extract/artificial-tm29_1000_substrings_results.txt[0m
malloc_count ### exiting, total: 533,034,180, peak: 487,209,371, current: 4,096
Time: 0.017124727000000(s)

		 [33m Checking if the response file is the same as the expected file [0m


			 [0;32m The files are the same. [0m


	 [33mStarting extract with GCX - artificial-tm29 - INTERVAL SIZE 1000.[0m
	Using initial window of size 4 for LCP calculation.

[32mStarting to extract ...
[0m	Compressed file information:

		Amount of levels: 1
		Size initial partition: 4
		Initial symbol size: 67108865
		Level: 1 - amount of rules: 3 - size of rules 4.
	The extracted strings was saved in: [32mreport/2025-08-12/extract/artificial-tm29_1000_substrings_results.txt[0m
malloc_count ### exiting, total: 281,375,946, peak: 235,551,137, current: 4,096
Time: 0.011218858000000(s)

		 [33m Checking if the response file is the same as the expected file [0m


			 [0;32m The files are the same. [0m


	 [33mStarting extract with GC* - INTERVAL SIZE 1000.[0m
	Compressed file information:
		Size of Tuples: 2
		Amount of levels: 27
Tamanho do símbolo inicial: 3
		Level: 27 - amount of rules: 3.
		Level: 26 - amount of rules: 3.
		Level: 25 - amount of rules: 3.
		Level: 24 - amount of rules: 3.
		Level: 23 - amount of rules: 3.
		Level: 22 - amount of rules: 3.
		Level: 21 - amount of rules: 3.
		Level: 20 - amount of rules: 3.
		Level: 19 - amount of rules: 3.
		Level: 18 - amount of rules: 3.
		Level: 17 - amount of rules: 3.
		Level: 16 - amount of rules: 3.
		Level: 15 - amount of rules: 3.
		Level: 14 - amount of rules: 3.
		Level: 13 - amount of rules: 3.
		Level: 12 - amount of rules: 3.
		Level: 11 - amount of rules: 3.
		Level: 10 - amount of rules: 3.
		Level: 9 - amount of rules: 3.
		Level: 8 - amount of rules: 3.
		Level: 7 - amount of rules: 3.
		Level: 6 - amount of rules: 3.
		Level: 5 - amount of rules: 3.
		Level: 4 - amount of rules: 3.
		Level: 3 - amount of rules: 3.
		Level: 2 - amount of rules: 3.
		Level: 1 - amount of rules: 3.
	The extracted strings was saved in: [32mreport/2025-08-12/extract/artificial-tm29_result_extract_gc2_len1000.txt[0m
malloc_count ### exiting, total: 46,496,464, peak: 671,655, current: 4,096
Time: 0.028367271000000(s)

		 [33m Checking if the response file is the same as the expected file [0m


			 [0;32m The files are the same. [0m

	Compressed file information:
		Size of Tuples: 4
		Amount of levels: 14
Tamanho do símbolo inicial: 2
		Level: 14 - amount of rules: 3.
		Level: 13 - amount of rules: 3.
		Level: 12 - amount of rules: 3.
		Level: 11 - amount of rules: 3.
		Level: 10 - amount of rules: 3.
		Level: 9 - amount of rules: 3.
		Level: 8 - amount of rules: 3.
		Level: 7 - amount of rules: 3.
		Level: 6 - amount of rules: 3.
		Level: 5 - amount of rules: 3.
		Level: 4 - amount of rules: 3.
		Level: 3 - amount of rules: 3.
		Level: 2 - amount of rules: 3.
		Level: 1 - amount of rules: 2.
	The extracted strings was saved in: [32mreport/2025-08-12/extract/artificial-tm29_result_extract_gc4_len1000.txt[0m
malloc_count ### exiting, total: 46,495,690, peak: 670,881, current: 4,096
Time: 0.012497760000000(s)

		 [33m Checking if the response file is the same as the expected file [0m


			 [0;32m The files are the same. [0m


[33m Generating expected responses for searched interval...[0m

	 [33mStarting extract with GCX - artificial-tm29 - INTERVAL SIZE 10000.[0m
	Using initial window of size 2 for LCP calculation.

[32mStarting to extract ...
[0m	Compressed file information:

		Amount of levels: 1
		Size initial partition: 2
		Initial symbol size: 134217729
		Level: 1 - amount of rules: 3 - size of rules 2.
	The extracted strings was saved in: [32mreport/2025-08-12/extract/artificial-tm29_10000_substrings_results.txt[0m
malloc_count ### exiting, total: 533,034,180, peak: 487,209,371, current: 4,096
Time: 0.142859895000000(s)

		 [33m Checking if the response file is the same as the expected file [0m


			 [0;32m The files are the same. [0m


	 [33mStarting extract with GCX - artificial-tm29 - INTERVAL SIZE 10000.[0m
	Using initial window of size 4 for LCP calculation.

[32mStarting to extract ...
[0m	Compressed file information:

		Amount of levels: 1
		Size initial partition: 4
		Initial symbol size: 67108865
		Level: 1 - amount of rules: 3 - size of rules 4.
	The extracted strings was saved in: [32mreport/2025-08-12/extract/artificial-tm29_10000_substrings_results.txt[0m
malloc_count ### exiting, total: 281,375,946, peak: 235,551,137, current: 4,096
Time: 0.090725982000000(s)

		 [33m Checking if the response file is the same as the expected file [0m


			 [0;32m The files are the same. [0m


	 [33mStarting extract with GC* - INTERVAL SIZE 10000.[0m
	Compressed file information:
		Size of Tuples: 2
		Amount of levels: 27
Tamanho do símbolo inicial: 3
		Level: 27 - amount of rules: 3.
		Level: 26 - amount of rules: 3.
		Level: 25 - amount of rules: 3.
		Level: 24 - amount of rules: 3.
		Level: 23 - amount of rules: 3.
		Level: 22 - amount of rules: 3.
		Level: 21 - amount of rules: 3.
		Level: 20 - amount of rules: 3.
		Level: 19 - amount of rules: 3.
		Level: 18 - amount of rules: 3.
		Level: 17 - amount of rules: 3.
		Level: 16 - amount of rules: 3.
		Level: 15 - amount of rules: 3.
		Level: 14 - amount of rules: 3.
		Level: 13 - amount of rules: 3.
		Level: 12 - amount of rules: 3.
		Level: 11 - amount of rules: 3.
		Level: 10 - amount of rules: 3.
		Level: 9 - amount of rules: 3.
		Level: 8 - amount of rules: 3.
		Level: 7 - amount of rules: 3.
		Level: 6 - amount of rules: 3.
		Level: 5 - amount of rules: 3.
		Level: 4 - amount of rules: 3.
		Level: 3 - amount of rules: 3.
		Level: 2 - amount of rules: 3.
		Level: 1 - amount of rules: 3.
	The extracted strings was saved in: [32mreport/2025-08-12/extract/artificial-tm29_result_extract_gc2_len10000.txt[0m
malloc_count ### exiting, total: 46,496,464, peak: 671,655, current: 4,096
Time: 0.266050263000000(s)

		 [33m Checking if the response file is the same as the expected file [0m


			 [0;32m The files are the same. [0m

	Compressed file information:
		Size of Tuples: 4
		Amount of levels: 14
Tamanho do símbolo inicial: 2
		Level: 14 - amount of rules: 3.
		Level: 13 - amount of rules: 3.
		Level: 12 - amount of rules: 3.
		Level: 11 - amount of rules: 3.
		Level: 10 - amount of rules: 3.
		Level: 9 - amount of rules: 3.
		Level: 8 - amount of rules: 3.
		Level: 7 - amount of rules: 3.
		Level: 6 - amount of rules: 3.
		Level: 5 - amount of rules: 3.
		Level: 4 - amount of rules: 3.
		Level: 3 - amount of rules: 3.
		Level: 2 - amount of rules: 3.
		Level: 1 - amount of rules: 2.
	The extracted strings was saved in: [32mreport/2025-08-12/extract/artificial-tm29_result_extract_gc4_len10000.txt[0m
malloc_count ### exiting, total: 46,495,690, peak: 670,881, current: 4,096
Time: 0.111506961000000(s)

		 [33m Checking if the response file is the same as the expected file [0m


			 [0;32m The files are the same. [0m


	[34mPreparing for extract operation on the real-world_leaders file. [0m


[33m Generating expected responses for searched interval...[0m

	 [33mStarting extract with GCX - real-world_leaders - INTERVAL SIZE 1.[0m
	Using initial window of size 2 for LCP calculation.

[32mStarting to extract ...
[0m	Compressed file information:

		Amount of levels: 1
		Size initial partition: 2
		Initial symbol size: 23484091
		Level: 1 - amount of rules: 2506 - size of rules 2.
	The extracted strings was saved in: [32mreport/2025-08-12/extract/real-world_leaders_1_substrings_results.txt[0m
malloc_count ### exiting, total: 122,823,210, peak: 76,998,401, current: 4,096
Time: 0.001585723000000(s)

		 [33m Checking if the response file is the same as the expected file [0m


			 [0;32m The files are the same. [0m


	 [33mStarting extract with GCX - real-world_leaders - INTERVAL SIZE 1.[0m
	Using initial window of size 4 for LCP calculation.

[32mStarting to extract ...
[0m	Compressed file information:

		Amount of levels: 2
		Size initial partition: 4
		Initial symbol size: 11742047
		Level: 2 - amount of rules: 2507 - size of rules 2.
		Level: 1 - amount of rules: 96593 - size of rules 2.
	The extracted strings was saved in: [32mreport/2025-08-12/extract/real-world_leaders_1_substrings_results.txt[0m
malloc_count ### exiting, total: 83,507,804, peak: 37,682,995, current: 4,096
Time: 0.001363762000000(s)

		 [33m Checking if the response file is the same as the expected file [0m


			 [0;32m The files are the same. [0m


	 [33mStarting extract with GC* - INTERVAL SIZE 1.[0m
	Compressed file information:
		Size of Tuples: 2
		Amount of levels: 12
Tamanho do símbolo inicial: 11468
		Level: 12 - amount of rules: 2506.
		Level: 11 - amount of rules: 96592.
		Level: 10 - amount of rules: 363687.
		Level: 9 - amount of rules: 447215.
		Level: 8 - amount of rules: 434919.
		Level: 7 - amount of rules: 356779.
		Level: 6 - amount of rules: 266821.
		Level: 5 - amount of rules: 168501.
		Level: 4 - amount of rules: 90392.
		Level: 3 - amount of rules: 45689.
		Level: 2 - amount of rules: 22923.
		Level: 1 - amount of rules: 11468.
	The extracted strings was saved in: [32mreport/2025-08-12/extract/real-world_leaders_result_extract_gc2_len1.txt[0m
malloc_count ### exiting, total: 57,621,978, peak: 11,797,169, current: 4,096
Time: 0.004565548000000(s)

		 [33m Checking if the response file is the same as the expected file [0m


			 [0;32m The files are the same. [0m

	Compressed file information:
		Size of Tuples: 4
		Amount of levels: 6
Tamanho do símbolo inicial: 11468
		Level: 6 - amount of rules: 96592.
		Level: 5 - amount of rules: 447214.
		Level: 4 - amount of rules: 356779.
		Level: 3 - amount of rules: 168500.
		Level: 2 - amount of rules: 45688.
		Level: 1 - amount of rules: 11468.
	The extracted strings was saved in: [32mreport/2025-08-12/extract/real-world_leaders_result_extract_gc4_len1.txt[0m
malloc_count ### exiting, total: 56,712,270, peak: 10,887,461, current: 4,096
Time: 0.002776785000000(s)

		 [33m Checking if the response file is the same as the expected file [0m


			 [0;32m The files are the same. [0m


[33m Generating expected responses for searched interval...[0m

	 [33mStarting extract with GCX - real-world_leaders - INTERVAL SIZE 10.[0m
	Using initial window of size 2 for LCP calculation.

[32mStarting to extract ...
[0m	Compressed file information:

		Amount of levels: 1
		Size initial partition: 2
		Initial symbol size: 23484091
		Level: 1 - amount of rules: 2506 - size of rules 2.
	The extracted strings was saved in: [32mreport/2025-08-12/extract/real-world_leaders_10_substrings_results.txt[0m
malloc_count ### exiting, total: 122,823,210, peak: 76,998,401, current: 4,096
Time: 0.001483962000000(s)

		 [33m Checking if the response file is the same as the expected file [0m


			 [0;32m The files are the same. [0m


	 [33mStarting extract with GCX - real-world_leaders - INTERVAL SIZE 10.[0m
	Using initial window of size 4 for LCP calculation.

[32mStarting to extract ...
[0m	Compressed file information:

		Amount of levels: 2
		Size initial partition: 4
		Initial symbol size: 11742047
		Level: 2 - amount of rules: 2507 - size of rules 2.
		Level: 1 - amount of rules: 96593 - size of rules 2.
	The extracted strings was saved in: [32mreport/2025-08-12/extract/real-world_leaders_10_substrings_results.txt[0m
malloc_count ### exiting, total: 83,507,804, peak: 37,682,995, current: 4,096
Time: 0.001685139000000(s)

		 [33m Checking if the response file is the same as the expected file [0m


			 [0;32m The files are the same. [0m


	 [33mStarting extract with GC* - INTERVAL SIZE 10.[0m
	Compressed file information:
		Size of Tuples: 2
		Amount of levels: 12
Tamanho do símbolo inicial: 11468
		Level: 12 - amount of rules: 2506.
		Level: 11 - amount of rules: 96592.
		Level: 10 - amount of rules: 363687.
		Level: 9 - amount of rules: 447215.
		Level: 8 - amount of rules: 434919.
		Level: 7 - amount of rules: 356779.
		Level: 6 - amount of rules: 266821.
		Level: 5 - amount of rules: 168501.
		Level: 4 - amount of rules: 90392.
		Level: 3 - amount of rules: 45689.
		Level: 2 - amount of rules: 22923.
		Level: 1 - amount of rules: 11468.
	The extracted strings was saved in: [32mreport/2025-08-12/extract/real-world_leaders_result_extract_gc2_len10.txt[0m
malloc_count ### exiting, total: 57,621,978, peak: 11,797,169, current: 4,096
Time: 0.004792263000000(s)

		 [33m Checking if the response file is the same as the expected file [0m


			 [0;32m The files are the same. [0m

	Compressed file information:
		Size of Tuples: 4
		Amount of levels: 6
Tamanho do símbolo inicial: 11468
		Level: 6 - amount of rules: 96592.
		Level: 5 - amount of rules: 447214.
		Level: 4 - amount of rules: 356779.
		Level: 3 - amount of rules: 168500.
		Level: 2 - amount of rules: 45688.
		Level: 1 - amount of rules: 11468.
	The extracted strings was saved in: [32mreport/2025-08-12/extract/real-world_leaders_result_extract_gc4_len10.txt[0m
malloc_count ### exiting, total: 56,712,270, peak: 10,887,461, current: 4,096
Time: 0.002837486000000(s)

		 [33m Checking if the response file is the same as the expected file [0m


			 [0;32m The files are the same. [0m


[33m Generating expected responses for searched interval...[0m

	 [33mStarting extract with GCX - real-world_leaders - INTERVAL SIZE 100.[0m
	Using initial window of size 2 for LCP calculation.

[32mStarting to extract ...
[0m	Compressed file information:

		Amount of levels: 1
		Size initial partition: 2
		Initial symbol size: 23484091
		Level: 1 - amount of rules: 2506 - size of rules 2.
	The extracted strings was saved in: [32mreport/2025-08-12/extract/real-world_leaders_100_substrings_results.txt[0m
malloc_count ### exiting, total: 122,823,210, peak: 76,998,401, current: 4,096
Time: 0.002882747000000(s)

		 [33m Checking if the response file is the same as the expected file [0m


			 [0;32m The files are the same. [0m


	 [33mStarting extract with GCX - real-world_leaders - INTERVAL SIZE 100.[0m
	Using initial window of size 4 for LCP calculation.

[32mStarting to extract ...
[0m	Compressed file information:

		Amount of levels: 2
		Size initial partition: 4
		Initial symbol size: 11742047
		Level: 2 - amount of rules: 2507 - size of rules 2.
		Level: 1 - amount of rules: 96593 - size of rules 2.
	The extracted strings was saved in: [32mreport/2025-08-12/extract/real-world_leaders_100_substrings_results.txt[0m
malloc_count ### exiting, total: 83,507,804, peak: 37,682,995, current: 4,096
Time: 0.004494686000000(s)

		 [33m Checking if the response file is the same as the expected file [0m


			 [0;32m The files are the same. [0m


	 [33mStarting extract with GC* - INTERVAL SIZE 100.[0m
	Compressed file information:
		Size of Tuples: 2
		Amount of levels: 12
Tamanho do símbolo inicial: 11468
		Level: 12 - amount of rules: 2506.
		Level: 11 - amount of rules: 96592.
		Level: 10 - amount of rules: 363687.
		Level: 9 - amount of rules: 447215.
		Level: 8 - amount of rules: 434919.
		Level: 7 - amount of rules: 356779.
		Level: 6 - amount of rules: 266821.
		Level: 5 - amount of rules: 168501.
		Level: 4 - amount of rules: 90392.
		Level: 3 - amount of rules: 45689.
		Level: 2 - amount of rules: 22923.
		Level: 1 - amount of rules: 11468.
	The extracted strings was saved in: [32mreport/2025-08-12/extract/real-world_leaders_result_extract_gc2_len100.txt[0m
malloc_count ### exiting, total: 57,621,978, peak: 11,797,169, current: 4,096
Time: 0.008752798000000(s)

		 [33m Checking if the response file is the same as the expected file [0m


			 [0;32m The files are the same. [0m

	Compressed file information:
		Size of Tuples: 4
		Amount of levels: 6
Tamanho do símbolo inicial: 11468
		Level: 6 - amount of rules: 96592.
		Level: 5 - amount of rules: 447214.
		Level: 4 - amount of rules: 356779.
		Level: 3 - amount of rules: 168500.
		Level: 2 - amount of rules: 45688.
		Level: 1 - amount of rules: 11468.
	The extracted strings was saved in: [32mreport/2025-08-12/extract/real-world_leaders_result_extract_gc4_len100.txt[0m
malloc_count ### exiting, total: 56,712,270, peak: 10,887,461, current: 4,096
Time: 0.005016556000000(s)

		 [33m Checking if the response file is the same as the expected file [0m


			 [0;32m The files are the same. [0m


[33m Generating expected responses for searched interval...[0m

	 [33mStarting extract with GCX - real-world_leaders - INTERVAL SIZE 1000.[0m
	Using initial window of size 2 for LCP calculation.

[32mStarting to extract ...
[0m	Compressed file information:

		Amount of levels: 1
		Size initial partition: 2
		Initial symbol size: 23484091
		Level: 1 - amount of rules: 2506 - size of rules 2.
	The extracted strings was saved in: [32mreport/2025-08-12/extract/real-world_leaders_1000_substrings_results.txt[0m
malloc_count ### exiting, total: 122,823,210, peak: 76,998,401, current: 4,096
Time: 0.016241124000000(s)

		 [33m Checking if the response file is the same as the expected file [0m


			 [0;32m The files are the same. [0m


	 [33mStarting extract with GCX - real-world_leaders - INTERVAL SIZE 1000.[0m
	Using initial window of size 4 for LCP calculation.

[32mStarting to extract ...
[0m	Compressed file information:

		Amount of levels: 2
		Size initial partition: 4
		Initial symbol size: 11742047
		Level: 2 - amount of rules: 2507 - size of rules 2.
		Level: 1 - amount of rules: 96593 - size of rules 2.
	The extracted strings was saved in: [32mreport/2025-08-12/extract/real-world_leaders_1000_substrings_results.txt[0m
malloc_count ### exiting, total: 83,507,804, peak: 37,682,995, current: 4,096
Time: 0.026537380000000(s)

		 [33m Checking if the response file is the same as the expected file [0m


			 [0;32m The files are the same. [0m


	 [33mStarting extract with GC* - INTERVAL SIZE 1000.[0m
	Compressed file information:
		Size of Tuples: 2
		Amount of levels: 12
Tamanho do símbolo inicial: 11468
		Level: 12 - amount of rules: 2506.
		Level: 11 - amount of rules: 96592.
		Level: 10 - amount of rules: 363687.
		Level: 9 - amount of rules: 447215.
		Level: 8 - amount of rules: 434919.
		Level: 7 - amount of rules: 356779.
		Level: 6 - amount of rules: 266821.
		Level: 5 - amount of rules: 168501.
		Level: 4 - amount of rules: 90392.
		Level: 3 - amount of rules: 45689.
		Level: 2 - amount of rules: 22923.
		Level: 1 - amount of rules: 11468.
	The extracted strings was saved in: [32mreport/2025-08-12/extract/real-world_leaders_result_extract_gc2_len1000.txt[0m
malloc_count ### exiting, total: 57,621,978, peak: 11,797,169, current: 4,096
Time: 0.043493574000000(s)

		 [33m Checking if the response file is the same as the expected file [0m


			 [0;32m The files are the same. [0m

	Compressed file information:
		Size of Tuples: 4
		Amount of levels: 6
Tamanho do símbolo inicial: 11468
		Level: 6 - amount of rules: 96592.
		Level: 5 - amount of rules: 447214.
		Level: 4 - amount of rules: 356779.
		Level: 3 - amount of rules: 168500.
		Level: 2 - amount of rules: 45688.
		Level: 1 - amount of rules: 11468.
	The extracted strings was saved in: [32mreport/2025-08-12/extract/real-world_leaders_result_extract_gc4_len1000.txt[0m
malloc_count ### exiting, total: 56,712,270, peak: 10,887,461, current: 4,096
Time: 0.021767224000000(s)

		 [33m Checking if the response file is the same as the expected file [0m


			 [0;32m The files are the same. [0m


[33m Generating expected responses for searched interval...[0m

	 [33mStarting extract with GCX - real-world_leaders - INTERVAL SIZE 10000.[0m
	Using initial window of size 2 for LCP calculation.

[32mStarting to extract ...
[0m	Compressed file information:

		Amount of levels: 1
		Size initial partition: 2
		Initial symbol size: 23484091
		Level: 1 - amount of rules: 2506 - size of rules 2.
	The extracted strings was saved in: [32mreport/2025-08-12/extract/real-world_leaders_10000_substrings_results.txt[0m
malloc_count ### exiting, total: 122,823,210, peak: 76,998,401, current: 4,096
Time: 0.140555907000000(s)

		 [33m Checking if the response file is the same as the expected file [0m


			 [31m The files are the differents. [0m


	 [33mStarting extract with GCX - real-world_leaders - INTERVAL SIZE 10000.[0m
	Using initial window of size 4 for LCP calculation.

[32mStarting to extract ...
[0m	Compressed file information:

		Amount of levels: 2
		Size initial partition: 4
		Initial symbol size: 11742047
		Level: 2 - amount of rules: 2507 - size of rules 2.
		Level: 1 - amount of rules: 96593 - size of rules 2.
	The extracted strings was saved in: [32mreport/2025-08-12/extract/real-world_leaders_10000_substrings_results.txt[0m
malloc_count ### exiting, total: 83,507,804, peak: 37,682,995, current: 4,096
Time: 0.248466330000000(s)

		 [33m Checking if the response file is the same as the expected file [0m


			 [31m The files are the differents. [0m


	 [33mStarting extract with GC* - INTERVAL SIZE 10000.[0m
	Compressed file information:
		Size of Tuples: 2
		Amount of levels: 12
Tamanho do símbolo inicial: 11468
		Level: 12 - amount of rules: 2506.
		Level: 11 - amount of rules: 96592.
		Level: 10 - amount of rules: 363687.
		Level: 9 - amount of rules: 447215.
		Level: 8 - amount of rules: 434919.
		Level: 7 - amount of rules: 356779.
		Level: 6 - amount of rules: 266821.
		Level: 5 - amount of rules: 168501.
		Level: 4 - amount of rules: 90392.
		Level: 3 - amount of rules: 45689.
		Level: 2 - amount of rules: 22923.
		Level: 1 - amount of rules: 11468.
	The extracted strings was saved in: [32mreport/2025-08-12/extract/real-world_leaders_result_extract_gc2_len10000.txt[0m
malloc_count ### exiting, total: 57,621,978, peak: 11,797,169, current: 4,096
Time: 0.377271908000000(s)

		 [33m Checking if the response file is the same as the expected file [0m


			 [0;32m The files are the same. [0m

	Compressed file information:
		Size of Tuples: 4
		Amount of levels: 6
Tamanho do símbolo inicial: 11468
		Level: 6 - amount of rules: 96592.
		Level: 5 - amount of rules: 447214.
		Level: 4 - amount of rules: 356779.
		Level: 3 - amount of rules: 168500.
		Level: 2 - amount of rules: 45688.
		Level: 1 - amount of rules: 11468.
	The extracted strings was saved in: [32mreport/2025-08-12/extract/real-world_leaders_result_extract_gc4_len10000.txt[0m
malloc_count ### exiting, total: 56,712,270, peak: 10,887,461, current: 4,096
Time: 0.158162426000000(s)

		 [33m Checking if the response file is the same as the expected file [0m


			 [0;32m The files are the same. [0m

make: Entering directory '/home/danyelleangelo/data/GCX/gcx'
rm -rf *.o /home/danyelleangelo/data/gcx-experiments/gcx_output
make: Leaving directory '/home/danyelleangelo/data/GCX/gcx'
make: Entering directory '/home/danyelleangelo/data/GCX/gc_'
rm -rf *.o /home/danyelleangelo/data/gcx-experiments/gc_star_output
make: Leaving directory '/home/danyelleangelo/data/GCX/gc_'
